Workbook

Sheet 리포트 작성법
A1: CTR HR Hub UAT v2 피드백 리포트 작성 가이드
A3: 심각도 기준
A4: 심각도 | B4: 정의 / 예시
A5: Critical | B5: 시스템 사용 불가, 데이터 손실/유출 (예: 로그인 불가, 급여 오계산, 타 법인 데이터 노출)
A6: Major | B6: 핵심 업무 수행 방해 (예: 휴가 신청 실패, 결재 안됨, 직원 등록 오류)
A7: Minor | B7: 불편하지만 우회 가능 (예: UI 깨짐, 번역 누락, 느린 로딩)
A8: 개선 | B8: 기능 개선 제안 (예: UX 개선, 필터 추가, 라벨 변경)
A11: 작성 예시
A12: 필드 | B12: 예시 값
A13: 이슈ID | B13: FB-007
A14: 모듈 | B14: 휴가관리
A15: 시나리오/항목# | B15: 휴가관리 Step 7 (반차 신청)
A16: 설명 | B16: 반차 신청 시 잔여일수가 1일 차감됨 (0.5일이어야 함)
A17: 기대결과 | B17: 반차 신청 후 잔여일수 14.5일
A18: 실제결과 | B18: 잔여일수 14일로 표시
A19: 심각도 | B19: Major
A20: 스크린샷 | B20: (캡처 이미지 첨부)
A21: 테스터 | B21: 한지영
A22: 발견일 | B22: 2026-05-20
A23: 상태 | B23: 신규
A24: Go-live 차단 | B24: 비차단
A27: 리포트 규칙
A28: 1. 스크린샷은 필수 (Print Screen → Excel에 붙여넣기)
A29: 2. URL은 브라우저 주소창에서 복사하여 비고에 기록
A30: 3. 재현 스텝은 최대한 구체적으로 기록 (수행한 클릭 순서)
A31: 4. 이미 보고된 건은 중복 기입하지 않고, 기존 이슈ID를 비고에 참조
A32: 5. Critical 발견 시 즉시 UAT 관리자에게 구두 보고
A33: 6. v1에 없던 신규 기능 (V2 홈, Compensation Letter, Off-Cycle Comp, GoalRevision, QuarterlyReview 듀얼제출, 캘리브레이션 DnD, 인수인계 4 게이트, do-not-rehire, dept_head 결재, 알림 센터, 지정연차) 검증 시 매뉴얼 §1~§10을 먼저 읽고 기대 결과를 명확히 한 후 보고

Sheet 피드백 로그
A1: 이슈ID | B1: 모듈 | C1: 시나리오/항목# | D1: 설명 | E1: 기대결과 | F1: 실제결과 | G1: 심각도 | H1: 스크린샷 | I1: 테스터 | J1: 발견일 | K1: 상태 | L1: 재테스트 상태 | M1: 결함 경과일 | N1: 담당자 | O1: 수용/보류 | P1: Go-live 차단 | Q1: 해결일 | R1: 비고
A2: FB-001 | M2: =IFERROR(IF(J2="","",TODAY()-J2),"")
A3: FB-002 | M3: =IFERROR(IF(J3="","",TODAY()-J3),"")
A4: FB-003 | M4: =IFERROR(IF(J4="","",TODAY()-J4),"")
A5: FB-004 | M5: =IFERROR(IF(J5="","",TODAY()-J5),"")
A6: FB-005 | M6: =IFERROR(IF(J6="","",TODAY()-J6),"")
A7: FB-006 | M7: =IFERROR(IF(J7="","",TODAY()-J7),"")
A8: FB-007 | M8: =IFERROR(IF(J8="","",TODAY()-J8),"")
A9: FB-008 | M9: =IFERROR(IF(J9="","",TODAY()-J9),"")
A10: FB-009 | M10: =IFERROR(IF(J10="","",TODAY()-J10),"")
A11: FB-010 | M11: =IFERROR(IF(J11="","",TODAY()-J11),"")
A12: FB-011 | M12: =IFERROR(IF(J12="","",TODAY()-J12),"")
A13: FB-012 | M13: =IFERROR(IF(J13="","",TODAY()-J13),"")
... A101: FB-100 | M101: =IFERROR(IF(J101="","",TODAY()-J101),"")

Sheet 일별 트리아지
A1: Day | B1: 날짜 | C1: 신규 발견 | D1: 미해결 누적 | E1: 수정완료 | F1: 재테스트 | G1: 보류 | H1: Critical 미해결 | I1: Major 미해결
A2: Day 1 | B2: 2026-05-19 | C2: =COUNTIFS('피드백 로그'!J:J,"="&DATE(2026,5,19)) | D2: =COUNTIFS('피드백 로그'!J:J,"<="&DATE(2026,5,19),'피드백 로그'!K:K,"<>종료") | E2: =COUNTIFS('피드백 로그'!Q:Q,"="&DATE(2026,5,19)) | F2: =COUNTIFS('피드백 로그'!L:L,"재테스트 대기",'피드백 로그'!J:J,"<="&DATE(2026,5,19)) | G2: =COUNTIFS('피드백 로그'!K:K,"보류",'피드백 로그'!J:J,"<="&DATE(2026,5,19)) | H2: =COUNTIFS('피드백 로그'!G:G,"Critical",'피드백 로그'!K:K,"<>종료",'피드백 로그'!J:J,"<="&DATE(2026,5,19)) | I2: =COUNTIFS('피드백 로그'!G:G,"Major",'피드백 로그'!K:K,"<>종료",'피드백 로그'!J:J,"<="&DATE(2026,5,19))
A3: Day 2 | B3: 2026-05-20 | C3: =COUNTIFS('피드백 로그'!J:J,"="&DATE(2026,5,20)) | D3: =COUNTIFS('피드백 로그'!J:J,"<="&DATE(2026,5,20),'피드백 로그'!K:K,"<>종료") | E3: =COUNTIFS('피드백 로그'!Q:Q,"="&DATE(2026,5,20)) | F3: =COUNTIFS('피드백 로그'!L:L,"재테스트 대기",'피드백 로그'!J:J,"<="&DATE(2026,5,20)) | G3: =COUNTIFS('피드백 로그'!K:K,"보류",'피드백 로그'!J:J,"<="&DATE(2026,5,20)) | H3: =COUNTIFS('피드백 로그'!G:G,"Critical",'피드백 로그'!K:K,"<>종료",'피드백 로그'!J:J,"<="&DATE(2026,5,20)) | I3: =COUNTIFS('피드백 로그'!G:G,"Major",'피드백 로그'!K:K,"<>종료",'피드백 로그'!J:J,"<="&DATE(2026,5,20))
A4: Day 3 | B4: 2026-05-21 | C4: =COUNTIFS('피드백 로그'!J:J,"="&DATE(2026,5,21)) | D4: =COUNTIFS('피드백 로그'!J:J,"<="&DATE(2026,5,21),'피드백 로그'!K:K,"<>종료") | E4: =COUNTIFS('피드백 로그'!Q:Q,"="&DATE(2026,5,21)) | F4: =COUNTIFS('피드백 로그'!L:L,"재테스트 대기",'피드백 로그'!J:J,"<="&DATE(2026,5,21)) | G4: =COUNTIFS('피드백 로그'!K:K,"보류",'피드백 로그'!J:J,"<="&DATE(2026,5,21)) | H4: =COUNTIFS('피드백 로그'!G:G,"Critical",'피드백 로그'!K:K,"<>종료",'피드백 로그'!J:J,"<="&DATE(2026,5,21)) | I4: =COUNTIFS('피드백 로그'!G:G,"Major",'피드백 로그'!K:K,"<>종료",'피드백 로그'!J:J,"<="&DATE(2026,5,21))
A5: Day 4 | B5: 2026-05-22 | C5: =COUNTIFS('피드백 로그'!J:J,"="&DATE(2026,5,22)) | D5: =COUNTIFS('피드백 로그'!J:J,"<="&DATE(2026,5,22),'피드백 로그'!K:K,"<>종료") | E5: =COUNTIFS('피드백 로그'!Q:Q,"="&DATE(2026,5,22)) | F5: =COUNTIFS('피드백 로그'!L:L,"재테스트 대기",'피드백 로그'!J:J,"<="&DATE(2026,5,22)) | G5: =COUNTIFS('피드백 로그'!K:K,"보류",'피드백 로그'!J:J,"<="&DATE(2026,5,22)) | H5: =COUNTIFS('피드백 로그'!G:G,"Critical",'피드백 로그'!K:K,"<>종료",'피드백 로그'!J:J,"<="&DATE(2026,5,22)) | I5: =COUNTIFS('피드백 로그'!G:G,"Major",'피드백 로그'!K:K,"<>종료",'피드백 로그'!J:J,"<="&DATE(2026,5,22))
A6: Day 5 | B6: 2026-05-23 | C6: =COUNTIFS('피드백 로그'!J:J,"="&DATE(2026,5,23)) | D6: =COUNTIFS('피드백 로그'!J:J,"<="&DATE(2026,5,23),'피드백 로그'!K:K,"<>종료") | E6: =COUNTIFS('피드백 로그'!Q:Q,"="&DATE(2026,5,23)) | F6: =COUNTIFS('피드백 로그'!L:L,"재테스트 대기",'피드백 로그'!J:J,"<="&DATE(2026,5,23)) | G6: =COUNTIFS('피드백 로그'!K:K,"보류",'피드백 로그'!J:J,"<="&DATE(2026,5,23)) | H6: =COUNTIFS('피드백 로그'!G:G,"Critical",'피드백 로그'!K:K,"<>종료",'피드백 로그'!J:J,"<="&DATE(2026,5,23)) | I6: =COUNTIFS('피드백 로그'!G:G,"Major",'피드백 로그'!K:K,"<>종료",'피드백 로그'!J:J,"<="&DATE(2026,5,23))
A7: Day 6 | B7: 2026-05-24 | C7: =COUNTIFS('피드백 로그'!J:J,"="&DATE(2026,5,24)) | D7: =COUNTIFS('피드백 로그'!J:J,"<="&DATE(2026,5,24),'피드백 로그'!K:K,"<>종료") | E7: =COUNTIFS('피드백 로그'!Q:Q,"="&DATE(2026,5,24)) | F7: =COUNTIFS('피드백 로그'!L:L,"재테스트 대기",'피드백 로그'!J:J,"<="&DATE(2026,5,24)) | G7: =COUNTIFS('피드백 로그'!K:K,"보류",'피드백 로그'!J:J,"<="&DATE(2026,5,24)) | H7: =COUNTIFS('피드백 로그'!G:G,"Critical",'피드백 로그'!K:K,"<>종료",'피드백 로그'!J:J,"<="&DATE(2026,5,24)) | I7: =COUNTIFS('피드백 로그'!G:G,"Major",'피드백 로그'!K:K,"<>종료",'피드백 로그'!J:J,"<="&DATE(2026,5,24))
A8: Day 7 | B8: 2026-05-25 | C8: =COUNTIFS('피드백 로그'!J:J,"="&DATE(2026,5,25)) | D8: =COUNTIFS('피드백 로그'!J:J,"<="&DATE(2026,5,25),'피드백 로그'!K:K,"<>종료") | E8: =COUNTIFS('피드백 로그'!Q:Q,"="&DATE(2026,5,25)) | F8: =COUNTIFS('피드백 로그'!L:L,"재테스트 대기",'피드백 로그'!J:J,"<="&DATE(2026,5,25)) | G8: =COUNTIFS('피드백 로그'!K:K,"보류",'피드백 로그'!J:J,"<="&DATE(2026,5,25)) | H8: =COUNTIFS('피드백 로그'!G:G,"Critical",'피드백 로그'!K:K,"<>종료",'피드백 로그'!J:J,"<="&DATE(2026,5,25)) | I8: =COUNTIFS('피드백 로그'!G:G,"Major",'피드백 로그'!K:K,"<>종료",'피드백 로그'!J:J,"<="&DATE(2026,5,25))
A9: Day 8 | B9: 2026-05-26 | C9: =COUNTIFS('피드백 로그'!J:J,"="&DATE(2026,5,26)) | D9: =COUNTIFS('피드백 로그'!J:J,"<="&DATE(2026,5,26),'피드백 로그'!K:K,"<>종료") | E9: =COUNTIFS('피드백 로그'!Q:Q,"="&DATE(2026,5,26)) | F9: =COUNTIFS('피드백 로그'!L:L,"재테스트 대기",'피드백 로그'!J:J,"<="&DATE(2026,5,26)) | G9: =COUNTIFS('피드백 로그'!K:K,"보류",'피드백 로그'!J:J,"<="&DATE(2026,5,26)) | H9: =COUNTIFS('피드백 로그'!G:G,"Critical",'피드백 로그'!K:K,"<>종료",'피드백 로그'!J:J,"<="&DATE(2026,5,26)) | I9: =COUNTIFS('피드백 로그'!G:G,"Major",'피드백 로그'!K:K,"<>종료",'피드백 로그'!J:J,"<="&DATE(2026,5,26))
A10: Day 9 | B10: 2026-05-27 | C10: =COUNTIFS('피드백 로그'!J:J,"="&DATE(2026,5,27)) | D10: =COUNTIFS('피드백 로그'!J:J,"<="&DATE(2026,5,27),'피드백 로그'!K:K,"<>종료") | E10: =COUNTIFS('피드백 로그'!Q:Q,"="&DATE(2026,5,27)) | F10: =COUNTIFS('피드백 로그'!L:L,"재테스트 대기",'피드백 로그'!J:J,"<="&DATE(2026,5,27)) | G10: =COUNTIFS('피드백 로그'!K:K,"보류",'피드백 로그'!J:J,"<="&DATE(2026,5,27)) | H10: =COUNTIFS('피드백 로그'!G:G,"Critical",'피드백 로그'!K:K,"<>종료",'피드백 로그'!J:J,"<="&DATE(2026,5,27)) | I10: =COUNTIFS('피드백 로그'!G:G,"Major",'피드백 로그'!K:K,"<>종료",'피드백 로그'!J:J,"<="&DATE(2026,5,27))
A11: Day 10 | B11: 2026-05-28 | C11: =COUNTIFS('피드백 로그'!J:J,"="&DATE(2026,5,28)) | D11: =COUNTIFS('피드백 로그'!J:J,"<="&DATE(2026,5,28),'피드백 로그'!K:K,"<>종료") | E11: =COUNTIFS('피드백 로그'!Q:Q,"="&DATE(2026,5,28)) | F11: =COUNTIFS('피드백 로그'!L:L,"재테스트 대기",'피드백 로그'!J:J,"<="&DATE(2026,5,28)) | G11: =COUNTIFS('피드백 로그'!K:K,"보류",'피드백 로그'!J:J,"<="&DATE(2026,5,28)) | H11: =COUNTIFS('피드백 로그'!G:G,"Critical",'피드백 로그'!K:K,"<>종료",'피드백 로그'!J:J,"<="&DATE(2026,5,28)) | I11: =COUNTIFS('피드백 로그'!G:G,"Major",'피드백 로그'!K:K,"<>종료",'피드백 로그'!J:J,"<="&DATE(2026,5,28))

Sheet 모듈별 집계
A1: 모듈 | B1: Critical | C1: Major | D1: Minor | E1: 개선 | F1: 총건수 | G1: 해결완료 | H1: 해결률(%)
A2: 인사관리 | B2: =COUNTIFS('피드백 로그'!B:B,"인사관리",'피드백 로그'!G:G,"Critical") | C2: =COUNTIFS('피드백 로그'!B:B,"인사관리",'피드백 로그'!G:G,"Major") | D2: =COUNTIFS('피드백 로그'!B:B,"인사관리",'피드백 로그'!G:G,"Minor") | E2: =COUNTIFS('피드백 로그'!B:B,"인사관리",'피드백 로그'!G:G,"개선") | F2: =SUM(B2:E2) | G2: =COUNTIFS('피드백 로그'!B:B,"인사관리",'피드백 로그'!K:K,"종료") | H2: =IFERROR(G2/F2*100,0)
A3: 출퇴근 | B3: =COUNTIFS('피드백 로그'!B:B,"출퇴근",'피드백 로그'!G:G,"Critical") | C3: =COUNTIFS('피드백 로그'!B:B,"출퇴근",'피드백 로그'!G:G,"Major") | D3: =COUNTIFS('피드백 로그'!B:B,"출퇴근",'피드백 로그'!G:G,"Minor") | E3: =COUNTIFS('피드백 로그'!B:B,"출퇴근",'피드백 로그'!G:G,"개선") | F3: =SUM(B3:E3) | G3: =COUNTIFS('피드백 로그'!B:B,"출퇴근",'피드백 로그'!K:K,"종료") | H3: =IFERROR(G3/F3*100,0)
A4: 휴가관리 | B4: =COUNTIFS('피드백 로그'!B:B,"휴가관리",'피드백 로그'!G:G,"Critical") | C4: =COUNTIFS('피드백 로그'!B:B,"휴가관리",'피드백 로그'!G:G,"Major") | D4: =COUNTIFS('피드백 로그'!B:B,"휴가관리",'피드백 로그'!G:G,"Minor") | E4: =COUNTIFS('피드백 로그'!B:B,"휴가관리",'피드백 로그'!G:G,"개선") | F4: =SUM(B4:E4) | G4: =COUNTIFS('피드백 로그'!B:B,"휴가관리",'피드백 로그'!K:K,"종료") | H4: =IFERROR(G4/F4*100,0)
A5: 휴직 | B5: =COUNTIFS('피드백 로그'!B:B,"휴직",'피드백 로그'!G:G,"Critical") | C5: =COUNTIFS('피드백 로그'!B:B,"휴직",'피드백 로그'!G:G,"Major") | D5: =COUNTIFS('피드백 로그'!B:B,"휴직",'피드백 로그'!G:G,"Minor") | E5: =COUNTIFS('피드백 로그'!B:B,"휴직",'피드백 로그'!G:G,"개선") | F5: =SUM(B5:E5) | G5: =COUNTIFS('피드백 로그'!B:B,"휴직",'피드백 로그'!K:K,"종료") | H5: =IFERROR(G5/F5*100,0)
A6: 급여 | B6: =COUNTIFS('피드백 로그'!B:B,"급여",'피드백 로그'!G:G,"Critical") | C6: =COUNTIFS('피드백 로그'!B:B,"급여",'피드백 로그'!G:G,"Major") | D6: =COUNTIFS('피드백 로그'!B:B,"급여",'피드백 로그'!G:G,"Minor") | E6: =COUNTIFS('피드백 로그'!B:B,"급여",'피드백 로그'!G:G,"개선") | F6: =SUM(B6:E6) | G6: =COUNTIFS('피드백 로그'!B:B,"급여",'피드백 로그'!K:K,"종료") | H6: =IFERROR(G6/F6*100,0)
A7: 결재·승인 | B7: =COUNTIFS('피드백 로그'!B:B,"결재·승인",'피드백 로그'!G:G,"Critical") | C7: =COUNTIFS('피드백 로그'!B:B,"결재·승인",'피드백 로그'!G:G,"Major") | D7: =COUNTIFS('피드백 로그'!B:B,"결재·승인",'피드백 로그'!G:G,"Minor") | E7: =COUNTIFS('피드백 로그'!B:B,"결재·승인",'피드백 로그'!G:G,"개선") | F7: =SUM(B7:E7) | G7: =COUNTIFS('피드백 로그'!B:B,"결재·승인",'피드백 로그'!K:K,"종료") | H7: =IFERROR(G7/F7*100,0)
A8: 마스터데이터·설정 | B8: =COUNTIFS('피드백 로그'!B:B,"마스터데이터·설정",'피드백 로그'!G:G,"Critical") | C8: =COUNTIFS('피드백 로그'!B:B,"마스터데이터·설정",'피드백 로그'!G:G,"Major") | D8: =COUNTIFS('피드백 로그'!B:B,"마스터데이터·설정",'피드백 로그'!G:G,"Minor") | E8: =COUNTIFS('피드백 로그'!B:B,"마스터데이터·설정",'피드백 로그'!G:G,"개선") | F8: =SUM(B8:E8) | G8: =COUNTIFS('피드백 로그'!B:B,"마스터데이터·설정",'피드백 로그'!K:K,"종료") | H8: =IFERROR(G8/F8*100,0)
A9: 성과 | B9: =COUNTIFS('피드백 로그'!B:B,"성과",'피드백 로그'!G:G,"Critical") | C9: =COUNTIFS('피드백 로그'!B:B,"성과",'피드백 로그'!G:G,"Major") | D9: =COUNTIFS('피드백 로그'!B:B,"성과",'피드백 로그'!G:G,"Minor") | E9: =COUNTIFS('피드백 로그'!B:B,"성과",'피드백 로그'!G:G,"개선") | F9: =SUM(B9:E9) | G9: =COUNTIFS('피드백 로그'!B:B,"성과",'피드백 로그'!K:K,"종료") | H9: =IFERROR(G9/F9*100,0)
A10: 채용 | B10: =COUNTIFS('피드백 로그'!B:B,"채용",'피드백 로그'!G:G,"Critical") | C10: =COUNTIFS('피드백 로그'!B:B,"채용",'피드백 로그'!G:G,"Major") | D10: =COUNTIFS('피드백 로그'!B:B,"채용",'피드백 로그'!G:G,"Minor") | E10: =COUNTIFS('피드백 로그'!B:B,"채용",'피드백 로그'!G:G,"개선") | F10: =SUM(B10:E10) | G10: =COUNTIFS('피드백 로그'!B:B,"채용",'피드백 로그'!K:K,"종료") | H10: =IFERROR(G10/F10*100,0)
A11: 보상 | B11: =COUNTIFS('피드백 로그'!B:B,"보상",'피드백 로그'!G:G,"Critical") | C11: =COUNTIFS('피드백 로그'!B:B,"보상",'피드백 로그'!G:G,"Major") | D11: =COUNTIFS('피드백 로그'!B:B,"보상",'피드백 로그'!G:G,"Minor") | E11: =COUNTIFS('피드백 로그'!B:B,"보상",'피드백 로그'!G:G,"개선") | F11: =SUM(B11:E11) | G11: =COUNTIFS('피드백 로그'!B:B,"보상",'피드백 로그'!K:K,"종료") | H11: =IFERROR(G11/F11*100,0)
A12: 인사이트·분석 | B12: =COUNTIFS('피드백 로그'!B:B,"인사이트·분석",'피드백 로그'!G:G,"Critical") | C12: =COUNTIFS('피드백 로그'!B:B,"인사이트·분석",'피드백 로그'!G:G,"Major") | D12: =COUNTIFS('피드백 로그'!B:B,"인사이트·분석",'피드백 로그'!G:G,"Minor") | E12: =COUNTIFS('피드백 로그'!B:B,"인사이트·분석",'피드백 로그'!G:G,"개선") | F12: =SUM(B12:E12) | G12: =COUNTIFS('피드백 로그'!B:B,"인사이트·분석",'피드백 로그'!K:K,"종료") | H12: =IFERROR(G12/F12*100,0)
A13: 온보딩·오프보딩 | B13: =COUNTIFS('피드백 로그'!B:B,"온보딩·오프보딩",'피드백 로그'!G:G,"Critical") | C13: =COUNTIFS('피드백 로그'!B:B,"온보딩·오프보딩",'피드백 로그'!G:G,"Major") | D13: =COUNTIFS('피드백 로그'!B:B,"온보딩·오프보딩",'피드백 로그'!G:G,"Minor") | E13: =COUNTIFS('피드백 로그'!B:B,"온보딩·오프보딩",'피드백 로그'!G:G,"개선") | F13: =SUM(B13:E13) | G13: =COUNTIFS('피드백 로그'!B:B,"온보딩·오프보딩",'피드백 로그'!K:K,"종료") | H13: =IFERROR(G13/F13*100,0)
A14: 규정준수 | B14: =COUNTIFS('피드백 로그'!B:B,"규정준수",'피드백 로그'!G:G,"Critical") | C14: =COUNTIFS('피드백 로그'!B:B,"규정준수",'피드백 로그'!G:G,"Major") | D14: =COUNTIFS('피드백 로그'!B:B,"규정준수",'피드백 로그'!G:G,"Minor") | E14: =COUNTIFS('피드백 로그'!B:B,"규정준수",'피드백 로그'!G:G,"개선") | F14: =SUM(B14:E14) | G14: =COUNTIFS('피드백 로그'!B:B,"규정준수",'피드백 로그'!K:K,"종료") | H14: =IFERROR(G14/F14*100,0)
A15: My Space | B15: =COUNTIFS('피드백 로그'!B:B,"My Space",'피드백 로그'!G:G,"Critical") | C15: =COUNTIFS('피드백 로그'!B:B,"My Space",'피드백 로그'!G:G,"Major") | D15: =COUNTIFS('피드백 로그'!B:B,"My Space",'피드백 로그'!G:G,"Minor") | E15: =COUNTIFS('피드백 로그'!B:B,"My Space",'피드백 로그'!G:G,"개선") | F15: =SUM(B15:E15) | G15: =COUNTIFS('피드백 로그'!B:B,"My Space",'피드백 로그'!K:K,"종료") | H15: =IFERROR(G15/F15*100,0)
A16: V2 홈 | B16: =COUNTIFS('피드백 로그'!B:B,"V2 홈",'피드백 로그'!G:G,"Critical") | C16: =COUNTIFS('피드백 로그'!B:B,"V2 홈",'피드백 로그'!G:G,"Major") | D16: =COUNTIFS('피드백 로그'!B:B,"V2 홈",'피드백 로그'!G:G,"Minor") | E16: =COUNTIFS('피드백 로그'!B:B,"V2 홈",'피드백 로그'!G:G,"개선") | F16: =SUM(B16:E16) | G16: =COUNTIFS('피드백 로그'!B:B,"V2 홈",'피드백 로그'!K:K,"종료") | H16: =IFERROR(G16/F16*100,0)
A17: 알림 | B17: =COUNTIFS('피드백 로그'!B:B,"알림",'피드백 로그'!G:G,"Critical") | C17: =COUNTIFS('피드백 로그'!B:B,"알림",'피드백 로그'!G:G,"Major") | D17: =COUNTIFS('피드백 로그'!B:B,"알림",'피드백 로그'!G:G,"Minor") | E17: =COUNTIFS('피드백 로그'!B:B,"알림",'피드백 로그'!G:G,"개선") | F17: =SUM(B17:E17) | G17: =COUNTIFS('피드백 로그'!B:B,"알림",'피드백 로그'!K:K,"종료") | H17: =IFERROR(G17/F17*100,0)
A18: 엣지케이스 | B18: =COUNTIFS('피드백 로그'!B:B,"엣지케이스",'피드백 로그'!G:G,"Critical") | C18: =COUNTIFS('피드백 로그'!B:B,"엣지케이스",'피드백 로그'!G:G,"Major") | D18: =COUNTIFS('피드백 로그'!B:B,"엣지케이스",'피드백 로그'!G:G,"Minor") | E18: =COUNTIFS('피드백 로그'!B:B,"엣지케이스",'피드백 로그'!G:G,"개선") | F18: =SUM(B18:E18) | G18: =COUNTIFS('피드백 로그'!B:B,"엣지케이스",'피드백 로그'!K:K,"종료") | H18: =IFERROR(G18/F18*100,0)
A19: 기타 | B19: =COUNTIFS('피드백 로그'!B:B,"기타",'피드백 로그'!G:G,"Critical") | C19: =COUNTIFS('피드백 로그'!B:B,"기타",'피드백 로그'!G:G,"Major") | D19: =COUNTIFS('피드백 로그'!B:B,"기타",'피드백 로그'!G:G,"Minor") | E19: =COUNTIFS('피드백 로그'!B:B,"기타",'피드백 로그'!G:G,"개선") | F19: =SUM(B19:E19) | G19: =COUNTIFS('피드백 로그'!B:B,"기타",'피드백 로그'!K:K,"종료") | H19: =IFERROR(G19/F19*100,0)
A20: 합계 | B20: =SUM(B2:B19) | C20: =SUM(C2:C19) | D20: =SUM(D2:D19) | E20: =SUM(E2:E19) | F20: =SUM(F2:F19) | G20: =SUM(G2:G19) | H20: =IFERROR(G20/F20*100,0)

Sheet 심각도별 집계
A1: 심각도 | B1: 신규 | C1: 확인중 | D1: 수정중 | E1: 수정완료 | F1: 재테스트 | G1: 종료 | H1: 보류 | I1: 총건수
A2: Critical | B2: =COUNTIFS('피드백 로그'!G:G,"Critical",'피드백 로그'!K:K,"신규") | C2: =COUNTIFS('피드백 로그'!G:G,"Critical",'피드백 로그'!K:K,"확인중") | D2: =COUNTIFS('피드백 로그'!G:G,"Critical",'피드백 로그'!K:K,"수정중") | E2: =COUNTIFS('피드백 로그'!G:G,"Critical",'피드백 로그'!K:K,"수정완료") | F2: =COUNTIFS('피드백 로그'!G:G,"Critical",'피드백 로그'!K:K,"재테스트") | G2: =COUNTIFS('피드백 로그'!G:G,"Critical",'피드백 로그'!K:K,"종료") | H2: =COUNTIFS('피드백 로그'!G:G,"Critical",'피드백 로그'!K:K,"보류") | I2: =SUM(B2:H2)
A3: Major | B3: =COUNTIFS('피드백 로그'!G:G,"Major",'피드백 로그'!K:K,"신규") | C3: =COUNTIFS('피드백 로그'!G:G,"Major",'피드백 로그'!K:K,"확인중") | D3: =COUNTIFS('피드백 로그'!G:G,"Major",'피드백 로그'!K:K,"수정중") | E3: =COUNTIFS('피드백 로그'!G:G,"Major",'피드백 로그'!K:K,"수정완료") | F3: =COUNTIFS('피드백 로그'!G:G,"Major",'피드백 로그'!K:K,"재테스트") | G3: =COUNTIFS('피드백 로그'!G:G,"Major",'피드백 로그'!K:K,"종료") | H3: =COUNTIFS('피드백 로그'!G:G,"Major",'피드백 로그'!K:K,"보류") | I3: =SUM(B3:H3)
A4: Minor | B4: =COUNTIFS('피드백 로그'!G:G,"Minor",'피드백 로그'!K:K,"신규") | C4: =COUNTIFS('피드백 로그'!G:G,"Minor",'피드백 로그'!K:K,"확인중") | D4: =COUNTIFS('피드백 로그'!G:G,"Minor",'피드백 로그'!K:K,"수정중") | E4: =COUNTIFS('피드백 로그'!G:G,"Minor",'피드백 로그'!K:K,"수정완료") | F4: =COUNTIFS('피드백 로그'!G:G,"Minor",'피드백 로그'!K:K,"재테스트") | G4: =COUNTIFS('피드백 로그'!G:G,"Minor",'피드백 로그'!K:K,"종료") | H4: =COUNTIFS('피드백 로그'!G:G,"Minor",'피드백 로그'!K:K,"보류") | I4: =SUM(B4:H4)
A5: 개선 | B5: =COUNTIFS('피드백 로그'!G:G,"개선",'피드백 로그'!K:K,"신규") | C5: =COUNTIFS('피드백 로그'!G:G,"개선",'피드백 로그'!K:K,"확인중") | D5: =COUNTIFS('피드백 로그'!G:G,"개선",'피드백 로그'!K:K,"수정중") | E5: =COUNTIFS('피드백 로그'!G:G,"개선",'피드백 로그'!K:K,"수정완료") | F5: =COUNTIFS('피드백 로그'!G:G,"개선",'피드백 로그'!K:K,"재테스트") | G5: =COUNTIFS('피드백 로그'!G:G,"개선",'피드백 로그'!K:K,"종료") | H5: =COUNTIFS('피드백 로그'!G:G,"개선",'피드백 로그'!K:K,"보류") | I5: =SUM(B5:H5)
A6: 합계 | B6: =SUM(B2:B5) | C6: =SUM(C2:C5) | D6: =SUM(D2:D5) | E6: =SUM(E2:E5) | F6: =SUM(F2:F5) | G6: =SUM(G2:G5) | H6: =SUM(H2:H5) | I6: =SUM(I2:I5)

Sheet UAT 판정
A1: CTR HR Hub UAT 최종 판정
A3: 통과 기준 체크리스트
A4: # | B4: 기준 | C4: 목표 | D4: 실제 | E4: 충족여부
A5: 1 | B5: Critical 미해결 건수 | C5: 0건 | D5: =COUNTIFS('피드백 로그'!G:G,"Critical",'피드백 로그'!K:K,"<>종료")
A6: 2 | B6: Major 미해결 — 핵심 모듈 (인사/출퇴근/휴가/휴직/급여/결재·승인/설정) | C6: 0건 | D6: =COUNTIFS('피드백 로그'!G:G,"Major",'피드백 로그'!K:K,"<>종료",'피드백 로그'!P:P,"차단")
A7: 3 | B7: Major 해결률 (전체) | C7: >=80% | D7: =IFERROR(COUNTIFS('피드백 로그'!G:G,"Major",'피드백 로그'!K:K,"종료")/COUNTIF('피드백 로그'!G:G,"Major")*100,0)
A8: 4 | B8: 핵심 시나리오 통과율 | C8: >=95% | D8: (테스트북 집계 시트에서 확인)
A9: 5 | B9: 체크리스트 통과율 | C9: >=90% | D9: (테스트북 집계 시트에서 확인)
A10: 6 | B10: 보안/데이터 이슈 미해결 | C10: 0건 | D10: =COUNTIFS('피드백 로그'!B:B,"규정준수",'피드백 로그'!K:K,"<>종료")
A11: 7 | B11: i18n 누락 0건 | C11: 0건 | D11: =COUNTIFS('피드백 로그'!D:D,"*i18n*",'피드백 로그'!K:K,"<>종료")+COUNTIFS('피드백 로그'!D:D,"*번역*",'피드백 로그'!K:K,"<>종료")
A14: 최종 판정
B15: 전체 GO — 운영 배포 진행 | C15: [ ]
B16: 조건부 GO — 명시된 조건 해결 후 배포 | C16: [ ]
B17: NO-GO — 재테스트 필요 | C17: [ ]
A19: 조건부 GO 시 조건
B20: 1.
B21: 2.
B22: 3.
B23: 4.
A25: 사인오프
A26: 역할 | B26: 이름 | C26: 서명 | D26: 날짜
A27: UAT 관리자
A28: HR 담당자 1
A29: HR 담당자 2
A30: CEO 승인
