Workbook

Sheet 사용법
B2: CTR HR Hub UAT 테스트북 사용법
B4: 1. 문서 구성
B5: 이 테스트북은 두 가지 포맷으로 구성되어 있습니다:
B6: - 시나리오 (파란 탭): 단계별 비즈니스 플로우를 따라가며 검증합니다. 한 시나리오 안에서 여러 역할이 참여합니다.
B7: - 체크리스트 (초록 탭): 기능 단위로 빠르게 존재 여부와 동작을 확인합니다.
B9: 2. 시나리오 시트 컬럼 설명
B10: A. Step# — 순서 번호
B11: B. 비즈니스 목적 — 이 단계가 왜 중요한지 (비즈니스 관점)
B12: C. 테스터 역할 — 어떤 계정으로 로그인해야 하는지
B13: D. 전제조건 — 이 단계 실행 전에 완료되어야 할 것
B14: E. 테스트 데이터 — 입력할 구체적인 데이터
B15: F. 수행 액션 — 실제로 할 행동 (한국어 단계별 설명)
... B33: 4. 색상 범례
B36: Pass (녹색) | C36: 테스트 통과 — 기대 결과와 일치
B37: Fail (빨간색) | C37: 테스트 실패 — 기대 결과와 불일치, 이슈ID 필수 기록
B38: Block (노란색) | C38: 차단 — 선행 조건 미충족으로 테스트 불가
B39: N/A (회색) | C39: 해당 없음 — 현재 환경에서 테스트 불가
B42: 주의사항
B43: - 이 문서는 E2E 자동 테스트와 다릅니다 — 비즈니스 결과를 확인하세요.
B44: - 시나리오 시트는 반드시 Step 순서대로 실행하세요 (선행 단계의 결과가 다음 단계의 전제조건입니다).
B45: - 체크리스트 시트는 순서 무관하게 독립적으로 확인할 수 있습니다.
B46: - 테스트 계정 비밀번호: 개발 환경에서 NEXT_PUBLIC_SHOW_TEST_ACCOUNTS=true 설정 시 로그인 페이지에 표시됩니다.
B47: - 집계 시트에서 전체 진행률을 확인할 수 있습니다 (COUNTIF 수식 자동 집계).

Sheet 인사관리
A1: Step# | B1: 비즈니스 목적 | C1: 테스터 역할 | D1: 전제조건 | E1: 테스트 데이터 | F1: 수행 액션 | G1: 기대되는 비즈니스 결과 | H1: 실제 결과 | I1: Pass/Fail/Block | J1: 이슈ID | K1: 비고
A2: 1 | B2: 직원 목록 조회 | C2: HR_ADMIN (hr@ctr.co.kr) | D2: 로그인 완료 | F2: 좌측 메뉴 > 인사관리 > 직원 목록 클릭 | G2: 직원 목록 페이지가 로드되고 CTR 법인 소속 직원이 표시됨
A3: 2 | B3: 직원 목록 필터링 | C3: HR_ADMIN (hr@ctr.co.kr) | D3: Step 1 완료 | E3: 부서: 개발팀 | F3: 필터 영역에서 부서를 "개발팀"으로 선택 | G3: 해당 부서 소속 직원만 필터링되어 표시됨
A4: 3 | B4: 직원 검색 (이름) | C4: HR_ADMIN (hr@ctr.co.kr) | D4: Step 1 완료 | E4: 검색어: 이민준 | F4: 검색창에 "이민준" 입력 | G4: 이민준 직원이 검색 결과에 표시됨
A5: 4 | B5: 직원 검색 (사번) | C5: HR_ADMIN (hr@ctr.co.kr) | D5: Step 1 완료 | E5: 검색어: EDGE-001 | F5: 검색창에 "EDGE-001" 입력 | G5: 김수습(EDGE-001) 직원이 검색 결과에 표시됨
A6: 5 | B6: 신규 직원 등록 시작 | C6: HR_ADMIN (hr@ctr.co.kr) | D6: Step 1 완료 | F6: 직원 목록 페이지에서 "신규 등록" 버튼 클릭 | G6: 신규 직원 등록 폼이 표시됨
A7: 6 | B7: 신규 직원 정보 입력 | C7: HR_ADMIN (hr@ctr.co.kr) | D7: Step 5 완료 | E7: 이름: 테스트직원, 부서: 경영지원팀, 직급: L1, 입사일: 2026-04-17 | F7: 필수 필드(이름, 부서, 직급, 입사일, 고용형태) 입력 후 저장 | G7: 직원이 성공적으로 등록되고 상세 페이지로 이동
A8: 7 | B8: 등록된 직원 상세 조회 | C8: HR_ADMIN (hr@ctr.co.kr) | D8: Step 6 완료 | F8: 등록된 직원의 상세 페이지에서 기본정보 탭 확인 | G8: 입력한 이름, 부서, 직급, 입사일이 정확히 표시됨
A9: 8 | B9: 직원 정보 수정 | C9: HR_ADMIN (hr@ctr.co.kr) | D9: Step 7 완료 | E9: 변경할 연락처: 010-9999-0000 | F9: 수정 버튼 클릭 > 연락처 변경 > 저장 | G9: 연락처가 변경된 값으로 표시됨
A10: 9 | B10: 인사 이력 확인 | C10: HR_ADMIN (hr@ctr.co.kr) | D10: Step 7 완료 | F10: 직원 상세 > 발령 이력 탭 클릭 | G10: 해당 직원의 발령/이동 이력이 시간순으로 표시됨
A11: 10 | B11: 조직도 조회 | C11: HR_ADMIN (hr@ctr.co.kr) | D11: 로그인 완료 | F11: 좌측 메뉴 > 조직 > 조직도 클릭 | G11: 조직도가 트리 구조로 표시되고 보고 라인이 정확함
A12: 11 | B12: 디렉토리 조회 | C12: HR_ADMIN (hr@ctr.co.kr) | D12: 로그인 완료 | F12: 좌측 메뉴 > 디렉토리 클릭 | G12: 전체 직원 디렉토리가 카드/리스트 형태로 표시됨
A13: 12 | B13: 근로계약서 확인 | C13: HR_ADMIN (hr@ctr.co.kr) | D13: Step 7 완료 | F13: 직원 상세 > 계약 탭 클릭 | G13: 근로계약서 정보가 표시됨 (계약 유형, 기간 등)
A14: 13 | B14: 수습 직원 조회 | C14: HR_ADMIN (hr@ctr.co.kr) | D14: 로그인 완료, EDGE-001 시드 데이터 존재 | E14: 김수습 (EDGE-001) | F14: 직원 목록에서 수습 상태 필터 적용 | G14: 김수습이 수습 배지와 함께 표시되고 수습 만료일(2026-06-01)이 확인됨
A15: 14 | B15: 수습 만료 직원 경고 | C15: HR_ADMIN (hr@ctr.co.kr) | D15: 로그인 완료, EDGE-002 시드 데이터 존재 | E15: 박만료 (EDGE-002) | F15: 직원 목록에서 박만료 검색 | G15: 수습 기간 만료 경고가 표시됨 (만료일 2026-01-01 이미 지남)
A16: 15 | B16: 계약직 만료 예정자 확인 | C16: HR_ADMIN (hr@ctr.co.kr) | D16: 로그인 완료, EDGE-003 시드 데이터 존재 | E16: 이계약 (EDGE-003) | F16: 직원 목록 또는 대시보드에서 계약 만료 예정자 확인 | G16: 이계약의 계약 만료 임박(D-30) 알림 또는 배지가 표시됨
A17: 16 | B17: 계약 만료 직원 상태 | C17: HR_ADMIN (hr@ctr.co.kr) | D17: 로그인 완료, EDGE-004 시드 데이터 존재 | E17: 최만기 (EDGE-004) | F17: 직원 목록에서 최만기 검색 | G17: 계약 만료 상태가 명확히 표시됨
A18: 17 | B18: 휴직자 목록 확인 | C18: HR_ADMIN (hr@ctr.co.kr) | D18: 로그인 완료, EDGE-005 시드 데이터 존재 | E18: 정육아 (EDGE-005) | F18: 직원 목록에서 휴직 상태 필터 또는 휴직 관리 메뉴 | G18: 정육아가 육아휴직 상태로 표시되고 출퇴근/급여 대상에서 제외됨
A19: 18 | B19: 퇴사 처리 시작 | C19: HR_ADMIN (hr@ctr.co.kr) | D19: Step 7에서 등록한 직원 존재 | E19: 퇴사일: 2026-05-31, 사유: 자발적 퇴사 | F19: 직원 상세 > 오프보딩 시작 > 퇴사일과 사유 입력 | G19: 오프보딩 프로세스가 시작되고 상태가 "퇴사 예정"으로 변경됨
A20: 19 | B20: 퇴직 완료 직원 확인 | C20: HR_ADMIN (hr@ctr.co.kr) | D20: 로그인 완료, EDGE-008 시드 데이터 존재 | E20: 유퇴직 (EDGE-008) | F20: 직원 목록에서 유퇴직 검색 (퇴사자 포함 필터) | G20: 유퇴직이 "퇴직" 상태로 표시되고 활성 직원 목록에서는 제외됨
A21: 20 | B21: EMPLOYEE 내 프로필 확인 | C21: EMPLOYEE (employee-a@ctr.co.kr) | D21: 로그인 완료 | F21: 좌측 메뉴 > My Space > 내 프로필 클릭 | G21: 이민준의 프로필 정보(이름, 부서, 직급, 입사일)가 정확히 표시됨
A22: 21 | B22: EMPLOYEE 타인 정보 접근 차단 | C22: EMPLOYEE (employee-a@ctr.co.kr) | D22: Step 20 완료 | E22: URL: /employees/[다른직원ID] | F22: 브라우저 주소창에 다른 직원의 상세 페이지 URL 직접 입력 | G22: 403 접근 거부 또는 권한 없음 메시지가 표시됨
A23: 22 | B23: MANAGER 팀원 목록 확인 | C23: MANAGER (manager@ctr.co.kr) | D23: 로그인 완료 | F23: 좌측 메뉴 > 매니저 허브 또는 팀 관리 클릭 | G23: 박준혁 매니저의 직속 팀원(이민준, 정다은)만 표시됨
A24: 23 | B24: 부서 이동 발령 | C24: HR_ADMIN (hr@ctr.co.kr) | D24: Step 7 완료 | E24: 이동 대상: 테스트직원, 새 부서: 개발팀 | F24: 직원 상세 > 발령 처리 > 부서 이동 선택 > 새 부서 지정 > 확인 | G24: 발령 이력에 부서 이동이 기록되고 직원의 소속 부서가 변경됨
A25: 24 | B25: 직급 변경 | C25: HR_ADMIN (hr@ctr.co.kr) | D25: Step 23 완료 | E25: 새 직급: L2 | F25: 직원 상세 > 발령 처리 > 직급 변경 선택 > L2 지정 > 확인 | G25: 발령 이력에 직급 변경이 기록되고 직원의 직급이 L2로 변경됨
A26: 25 | B26: 겸직자 조회 | C26: HR_ADMIN (hr@ctr.co.kr) | D26: 로그인 완료, EDGE-009 시드 데이터 존재 | E26: 강겸직 (EDGE-009) | F26: 직원 목록에서 강겸직 검색 | G26: 강겸직의 복수 법인 발령 정보가 모두 표시됨
A27: 26 | B27: 다직위자 조회 | C27: HR_ADMIN (hr@ctr.co.kr) | D27: 로그인 완료, EDGE-010 시드 데이터 존재 | E27: 임다직 (EDGE-010) | F27: 직원 목록에서 임다직 검색 > 상세 페이지 진입 | G27: 임다직의 3개 직위가 모두 표시됨
A28: 27 | B28: 매니저 없는 직원 확인 | C28: HR_ADMIN (hr@ctr.co.kr) | D28: 로그인 완료, EDGE-011 시드 데이터 존재 | E28: 윤대표 (EDGE-011) | F28: 직원 상세에서 윤대표의 보고 라인 확인 | G28: 상위 보고자가 없음(최상위)으로 표시되며 오류 없이 동작
A29: 28 | B29: 부서 미배정 직원 | C29: HR_ADMIN (hr@ctr.co.kr) | D29: 로그인 완료, EDGE-012 시드 데이터 존재 | E29: 신입사 (EDGE-012) | F29: 직원 목록에서 신입사 검색 | G29: 부서 미배정 상태가 표시되며 오류 없이 목록에 나타남
A30: 29 | B30: 법인 간 전적 직원 | C30: HR_ADMIN (hr@ctr.co.kr) | D30: 로그인 완료, EDGE-013 시드 데이터 존재 | E30: 배전적 (EDGE-013) | F30: 직원 상세에서 배전적의 이력 확인 | G30: 법인 전적(CTR→CTR-CN) 이력이 발령 이력에 기록됨
A31: 30 | B31: 일괄 발령 처리 | C31: HR_ADMIN (hr@ctr.co.kr) | D31: Step 1 완료 | E31: 대상: 복수 직원 | F31: 인사관리 > 일괄 발령 메뉴 진입 > 대상 직원 선택 > 발령 유형 지정 | G31: 선택한 직원들에 대해 일괄 발령이 처리되고 이력에 기록됨

Sheet 출퇴근
A1: Step# | B1: 비즈니스 목적 | C1: 테스터 역할 | D1: 전제조건 | E1: 테스트 데이터 | F1: 수행 액션 | G1: 기대되는 비즈니스 결과 | H1: 실제 결과 | I1: Pass/Fail/Block | J1: 이슈ID | K1: 비고
A2: 1 | B2: 출근 기록 | C2: EMPLOYEE (employee-a@ctr.co.kr) | D2: 로그인 완료, 근무일 | F2: 좌측 메뉴 > My Space > 내 출퇴근 > 출근 버튼 클릭 | G2: 출근 시각이 현재 시간으로 기록되고 상태가 "근무 중"으로 변경됨
A3: 2 | B3: 퇴근 기록 | C3: EMPLOYEE (employee-a@ctr.co.kr) | D3: Step 1 완료 (출근 상태) | F3: 내 출퇴근 페이지에서 퇴근 버튼 클릭 | G3: 퇴근 시각이 기록되고 근무시간이 자동 계산됨
A4: 3 | B4: 출퇴근 기록 조회 | C4: EMPLOYEE (employee-a@ctr.co.kr) | D4: Step 2 완료 | F4: 내 출퇴근 페이지에서 이번 주 기록 확인 | G4: 금일 출근/퇴근 시각과 근무시간이 정확히 표시됨
A5: 4 | B5: MANAGER 팀 출퇴근 현황 | C5: MANAGER (manager@ctr.co.kr) | D5: 로그인 완료, 팀원 출퇴근 기록 존재 | F5: 좌측 메뉴 > 출퇴근 > 팀 출퇴근 클릭 | G5: 박준혁 매니저의 팀원(이민준, 정다은)의 출퇴근 현황이 표시됨
A6: 5 | B6: HR_ADMIN 출퇴근 관리 | C6: HR_ADMIN (hr@ctr.co.kr) | D6: 로그인 완료 | F6: 좌측 메뉴 > 출퇴근 > 관리 클릭 | G6: 전체 직원의 출퇴근 현황이 관리자 뷰로 표시됨
A7: 6 | B7: 이상 출퇴근 감지 — 지각 | C7: HR_ADMIN (hr@ctr.co.kr) | D7: 로그인 완료, EDGE-023 시드 데이터 존재 | E7: 지각왕 (EDGE-023) | F7: 출퇴근 관리에서 이상 항목 필터 적용 | G7: 지각왕의 빈번한 지각 기록이 이상 항목으로 감지됨
A8: 7 | B8: 이상 출퇴근 감지 — 결근 | C8: HR_ADMIN (hr@ctr.co.kr) | D8: Step 5 완료 | F8: 출퇴근 관리에서 결근 필터 적용 | G8: 미출근 직원이 결근으로 표시됨
A9: 8 | B9: 수동 출퇴근 조정 | C9: HR_ADMIN (hr@ctr.co.kr) | D9: Step 5 완료 | E9: 대상: 이민준, 조정 사유: 외근 | F9: 출퇴근 관리에서 특정 직원의 기록 선택 > 수정 > 사유 입력 > 저장 | G9: 수정된 출퇴근 기록이 반영되고 조정 이력이 기록됨
A10: 9 | B10: 교대근무 달력 확인 | C10: HR_ADMIN (hr@ctr.co.kr) | D10: 로그인 완료, 교대근무 설정 존재 | F10: 좌측 메뉴 > 출퇴근 > 교대근무 달력 클릭 | G10: 교대근무 스케줄이 달력 형태로 표시됨
A11: 10 | B11: 교대근무 로스터 조회 | C11: HR_ADMIN (hr@ctr.co.kr) | D11: Step 9 완료 | F11: 교대근무 로스터 메뉴 클릭 | G11: 직원별 교대 배정이 표 형태로 표시됨
A12: 11 | B12: 팀 마감 처리 | C12: MANAGER (manager@ctr.co.kr) | D12: 로그인 완료, 월말 | F12: 팀 출퇴근 > 마감 처리 버튼 클릭 | G12: 해당 기간의 팀 출퇴근이 마감되고 상태가 "마감완료"로 변경됨
A13: 12 | B13: 52시간 모니터링 | C13: HR_ADMIN (hr@ctr.co.kr) | D13: 로그인 완료, EDGE-024 시드 데이터 존재 | E13: 과로자 (EDGE-024) | F13: 출퇴근 관리 또는 대시보드에서 주 52시간 현황 확인 | G13: 과로자의 주간 근무시간이 52시간 경고와 함께 표시됨
A14: 13 | B14: 출퇴근 승인 요청 | C14: EMPLOYEE (employee-a@ctr.co.kr) | D14: 출퇴근 수정 필요 상황 | E14: 수정 사유: 기기 오류로 미퇴근 기록 | F14: 내 출퇴근 > 수정 요청 > 사유 입력 > 제출 | G14: 출퇴근 수정 요청이 결재함으로 전송됨
A15: 14 | B15: 출퇴근 승인 처리 | C15: MANAGER (manager@ctr.co.kr) | D15: Step 13 완료 | F15: 결재함 > 출퇴근 수정 요청 확인 > 승인 | G15: 출퇴근 수정이 승인되고 기록이 반영됨
A16: 15 | B16: 초과근무 기록 확인 | C16: EMPLOYEE (employee-a@ctr.co.kr) | D16: 초과근무 기록 존재 | F16: 내 출퇴근에서 초과근무 탭 또는 영역 확인 | G16: 초과근무 시간이 별도로 집계되어 표시됨
A17: 16 | B17: 월간 출퇴근 리포트 | C17: HR_ADMIN (hr@ctr.co.kr) | D17: 한 달 이상의 출퇴근 데이터 존재 | F17: 출퇴근 관리 > 리포트/통계 영역 확인 | G17: 월간 출퇴근 통계(총 근무일, 지각/결근 건수 등)가 표시됨
A18: 17 | B18: 휴직자 출퇴근 제외 확인 | C18: HR_ADMIN (hr@ctr.co.kr) | D18: 로그인 완료, EDGE-005 시드 데이터 존재 | E18: 정육아 (EDGE-005) | F18: 출퇴근 관리에서 정육아 검색 | G18: 정육아(육아휴직)가 출퇴근 대상에서 제외되어 있음
A19: 18 | B19: 퇴사 예정자 출퇴근 | C19: HR_ADMIN (hr@ctr.co.kr) | D19: 로그인 완료, EDGE-007 시드 데이터 존재 | E19: 오퇴사 (EDGE-007) | F19: 출퇴근 관리에서 오퇴사 확인 | G19: 오퇴사는 퇴사일(2026-05-06)까지 출퇴근 대상에 포함됨
A20: 19 | B20: 터미널/GPS 관리 | C20: HR_ADMIN (hr@ctr.co.kr) | D20: 로그인 완료 | F20: 설정 > 출퇴근 > 터미널 관리 확인 | G20: 출퇴근 단말기/GPS 설정 화면이 표시됨
A21: 20 | B21: 출퇴근 데이터 가져오기 | C21: HR_ADMIN (hr@ctr.co.kr) | D21: 로그인 완료 | F21: 출퇴근 관리 > 데이터 가져오기 메뉴 확인 | G21: 외부 출퇴근 데이터 임포트 기능이 제공됨
A22: 21 | B22: 연장/야간/휴일 근무 구분 | C22: HR_ADMIN (hr@ctr.co.kr) | D22: 초과근무 데이터 존재 | F22: 출퇴근 관리에서 초과근무 유형별 조회 | G22: 연장근무, 야간근무, 휴일근무가 구분되어 집계됨
A23: 22 | B23: 근태 이상 일괄 처리 | C23: HR_ADMIN (hr@ctr.co.kr) | D23: 복수 이상 출퇴근 건 존재 | F23: 출퇴근 관리 > 이상 항목 > 일괄 처리 | G23: 선택한 이상 항목들이 일괄로 처리됨

Sheet 휴가관리
A1: Step# | B1: 비즈니스 목적 | C1: 테스터 역할 | D1: 전제조건 | E1: 테스트 데이터 | F1: 수행 액션 | G1: 기대되는 비즈니스 결과 | H1: 실제 결과 | I1: Pass/Fail/Block | J1: 이슈ID | K1: 비고
A2: 1 | B2: 연차 잔액 확인 | C2: EMPLOYEE (employee-a@ctr.co.kr) | D2: 로그인 완료 | E2: 예상 잔액: 15일 | F2: 좌측 메뉴 > My Space > 내 휴가 클릭 | G2: 이민준의 연차 잔액이 15일로 표시됨 (총/사용/잔여)
A3: 2 | B3: 연차 신청 | C3: EMPLOYEE (employee-a@ctr.co.kr) | D3: Step 1 완료 | E3: 신청일: 2026-04-21~22 (2일), 사유: 개인 사유 | F3: 내 휴가 > 휴가 신청 > 날짜 선택 > 연차 선택 > 사유 입력 > 제출 | G3: 휴가 신청이 접수되고 상태가 "승인 대기"로 표시됨
A4: 3 | B4: 신청 후 잔액 반영 | C4: EMPLOYEE (employee-a@ctr.co.kr) | D4: Step 2 완료 | F4: 내 휴가 페이지에서 잔액 재확인 | G4: 잔여 연차가 13일(승인 대기 포함)로 표시됨
A5: 4 | B5: MANAGER 결재함 휴가 확인 | C5: MANAGER (manager@ctr.co.kr) | D5: Step 2 완료 | F5: 좌측 메뉴 > 결재 > 결재함 클릭 | G5: 이민준의 연차 신청이 대기 건으로 표시됨
A6: 5 | B6: 휴가 승인 | C6: MANAGER (manager@ctr.co.kr) | D6: Step 4 완료 | F6: 결재함에서 이민준의 연차 신청 선택 > 승인 버튼 클릭 | G6: 승인 완료되고 상태가 "승인"으로 변경됨
A7: 6 | B7: 승인 후 직원 잔액 재확인 | C7: EMPLOYEE (employee-a@ctr.co.kr) | D7: Step 5 완료 | F7: 내 휴가 페이지에서 잔액 재확인 | G7: 잔여 연차가 13일로 확정 표시됨 (승인 완료)
A8: 7 | B8: 반차 신청 | C8: EMPLOYEE (employee-a@ctr.co.kr) | D8: Step 6 완료 | E8: 신청일: 2026-04-23 오전 반차 | F8: 내 휴가 > 휴가 신청 > 반차(오전) 선택 > 제출 | G8: 반차 0.5일이 신청되고 잔액이 그에 맞게 조정됨
A9: 8 | B9: 병가 신청 | C9: EMPLOYEE (employee-a@ctr.co.kr) | D9: Step 6 완료 | E9: 병가 1일, 진단서 첨부 | F9: 내 휴가 > 휴가 신청 > 병가 선택 > 증빙 첨부 > 제출 | G9: 병가가 신청되고 연차 잔액과는 별도로 처리됨
A10: 9 | B10: 휴가 반려 테스트 | C10: MANAGER (manager@ctr.co.kr) | D10: 직원 휴가 신청 대기 건 존재 | E10: 반려 사유: 업무 일정 충돌 | F10: 결재함 > 휴가 신청 선택 > 반려 > 사유 입력 > 확인 | G10: 반려 처리되고 직원에게 반려 사유가 전달됨
A11: 10 | B11: 반려 후 직원 확인 | C11: EMPLOYEE (employee-a@ctr.co.kr) | D11: Step 9 완료 | F11: 내 휴가에서 반려된 신청 확인 | G11: 반려된 신청이 "반려" 상태로 표시되고 사유가 확인 가능
A12: 11 | B12: HR_ADMIN 휴가 관리 | C12: HR_ADMIN (hr@ctr.co.kr) | D12: 로그인 완료 | F12: 좌측 메뉴 > 휴가 > 관리 클릭 | G12: 전체 직원의 휴가 현황이 관리자 뷰로 표시됨
A13: 12 | B13: 팀별 휴가 현황 조회 | C13: MANAGER (manager@ctr.co.kr) | D13: 로그인 완료 | F13: 휴가 > 팀 휴가 클릭 | G13: 박준혁 팀의 휴가 현황(캘린더 또는 리스트)이 표시됨
A14: 13 | B14: 연차촉진 알림 확인 | C14: HR_ADMIN (hr@ctr.co.kr) | D14: 로그인 완료, 연차촉진 대상자 존재 | F14: 휴가 관리에서 연차촉진 대상자 확인 | G14: 잔여 연차가 많은 직원에 대한 촉진 알림/목록이 표시됨
A15: 14 | B15: 지정연차 확인 | C15: HR_ADMIN (hr@ctr.co.kr) | D15: 로그인 완료, 지정연차 설정 존재 | F15: 설정 > 휴가 > 지정연차 관리 확인 | G15: 회사 지정 연차일이 등록되어 있고 직원 잔액에 반영됨
A16: 15 | B16: 휴직(LOA) 신청 — 육아휴직 | C16: EMPLOYEE (employee-a@ctr.co.kr) | D16: 로그인 완료 | E16: 휴직 유형: 육아휴직, 기간: 2026-07-01 ~ 2027-06-30 | F16: 좌측 메뉴 > My Space > 내 휴직 또는 휴직 신청 메뉴 > 육아휴직 선택 > 기간 입력 > 제출 | G16: 휴직 신청이 접수되고 결재 대기 상태가 됨
A17: 16 | B17: 휴직 승인 워크플로 | C17: HR_ADMIN (hr@ctr.co.kr) | D17: Step 15 완료 | F17: 결재함 또는 휴직 관리에서 휴직 신청 확인 > 승인 | G17: 휴직이 승인되고 직원 상태가 "휴직 예정" 또는 "휴직 중"으로 변경됨
A18: 17 | B18: 휴직 복귀 처리 | C18: HR_ADMIN (hr@ctr.co.kr) | D18: 로그인 완료, EDGE-006 시드 데이터 존재 | E18: 한복귀 (EDGE-006) | F18: 휴직 관리에서 한복귀 선택 > 복귀 처리 | G18: 한복귀의 상태가 "활동"으로 변경되고 출퇴근/급여 대상에 재포함됨
A19: 18 | B19: 연차 소진 직원 확인 | C19: HR_ADMIN (hr@ctr.co.kr) | D19: 로그인 완료, EDGE-021 시드 데이터 존재 | E19: 공소진 (EDGE-021) | F19: 휴가 관리에서 공소진 검색 | G19: 잔여 연차가 0일로 표시되고 추가 신청 시 차단 또는 경고됨
A20: 19 | B20: 연차 마이너스 직원 | C20: HR_ADMIN (hr@ctr.co.kr) | D20: 로그인 완료, EDGE-022 시드 데이터 존재 | E20: 마이너 (EDGE-022) | F20: 휴가 관리에서 마이너 검색 | G20: 마이너스 잔액이 표시되고 급여 공제 연동 여부가 확인됨
A21: 20 | B21: 경조사 휴가 신청 | C21: EMPLOYEE (employee-a@ctr.co.kr) | D21: 로그인 완료 | E21: 휴가 유형: 경조사(결혼), 3일 | F21: 내 휴가 > 휴가 신청 > 경조사 선택 > 기간 입력 > 제출 | G21: 경조사 휴가가 별도 유형으로 신청되고 연차와 분리 관리됨
A22: 21 | B22: 연차 정산 (연말) | C22: HR_ADMIN (hr@ctr.co.kr) | D22: 로그인 완료 | F22: 휴가 관리 > 연차 정산 메뉴 확인 | G22: 연말 잔여 연차 정산 기능이 제공됨 (이월/소멸/수당전환)
A23: 22 | B23: 복합 휴가 직원 확인 | C23: HR_ADMIN (hr@ctr.co.kr) | D23: 로그인 완료, EDGE-025 시드 데이터 존재 | E23: 복합휴 (EDGE-025) | F23: 휴가 관리에서 복합휴 검색 | G23: 복수 휴가 유형이 동시에 적용된 직원의 정보가 정확히 표시됨
A24: 23 | B24: 법정 공휴일 반영 확인 | C24: EMPLOYEE (employee-a@ctr.co.kr) | D24: 로그인 완료 | F24: 내 휴가 캘린더에서 법정 공휴일 표시 확인 | G24: 법정 공휴일이 캘린더에 표시되고 해당일은 근무일에서 제외됨
A25: 24 | B25: 휴가 취소 기능 | C25: EMPLOYEE (employee-a@ctr.co.kr) | D25: 승인된 휴가 존재 | F25: 내 휴가 > 승인된 휴가 선택 > 취소 요청 | G25: 휴가 취소 요청이 처리되고 잔액이 복구됨
A26: 25 | B26: 대리 결재자 휴가 승인 | C26: MANAGER (manager2@ctr.co.kr) | D26: 위임 설정 완료, 위임받은 결재 건 존재 | F26: 결재함에서 위임된 휴가 신청 확인 > 승인 | G26: 대리 결재자가 정상적으로 휴가를 승인할 수 있음

Sheet 급여
A1: Step# | B1: 비즈니스 목적 | C1: 테스터 역할 | D1: 전제조건 | E1: 테스트 데이터 | F1: 수행 액션 | G1: 기대되는 비즈니스 결과 | H1: 실제 결과 | I1: Pass/Fail/Block | J1: 이슈ID | K1: 비고
A2: 1 | B2: 급여 대시보드 확인 | C2: HR_ADMIN (hr@ctr.co.kr) | D2: 로그인 완료 | F2: 좌측 메뉴 > 급여 클릭 | G2: 급여 대시보드가 표시되고 최근 급여 실행 현황이 보임
A3: 2 | B3: 급여 실행 생성 | C3: HR_ADMIN (hr@ctr.co.kr) | D3: Step 1 완료 | E3: 급여월: 2026년 4월 | F3: 급여 대시보드 > 새 급여 실행 생성 > 2026년 4월 선택 > 생성 | G3: 4월 급여 실행이 "초안" 상태로 생성됨
A4: 3 | B4: 출퇴근 마감 연동 | C4: HR_ADMIN (hr@ctr.co.kr) | D4: Step 2 완료 | F4: 급여 > 출퇴근 마감 메뉴에서 4월 마감 상태 확인 | G4: 출퇴근 마감이 급여 실행과 연동되어 근무일수/초과근무가 반영됨
A5: 4 | B5: 급여 조정 입력 | C5: HR_ADMIN (hr@ctr.co.kr) | D5: Step 2 완료 | E5: 대상: 이민준, 조정: 야근수당 200,000원 | F5: 급여 > 조정 메뉴 > 이민준 선택 > 야근수당 입력 > 저장 | G5: 조정 항목이 급여 실행에 반영됨
A6: 5 | B6: 급여 이상 감지 | C6: HR_ADMIN (hr@ctr.co.kr) | D6: Step 4 완료 | F6: 급여 > 이상 감지 메뉴 클릭 | G6: 전월 대비 큰 변동이 있는 직원이 이상 항목으로 표시됨
A7: 6 | B7: 급여 시뮬레이션 | C7: HR_ADMIN (hr@ctr.co.kr) | D7: Step 2 완료 | F7: 급여 > 시뮬레이션 메뉴에서 4월 급여 시뮬레이션 실행 | G7: 급여 시뮬레이션 결과가 표시되고 실제 실행 전 검증 가능
A8: 7 | B8: 급여 검토 | C8: HR_ADMIN (hr@ctr.co.kr) | D8: Step 6 완료 | F8: 급여 실행 > 검토 페이지에서 직원별 급여 항목 확인 | G8: 기본급, 식대, 4대보험 공제 등 항목별 금액이 정확히 표시됨
A9: 8 | B9: 급여 승인 워크플로 | C9: HR_ADMIN (hr@ctr.co.kr) | D9: Step 7 완료 | F9: 급여 실행 > 승인 요청 > 승인 처리 | G9: 급여 실행 상태가 "승인"으로 변경됨
A10: 9 | B10: 이체 파일 생성 | C10: HR_ADMIN (hr@ctr.co.kr) | D10: Step 8 완료 | F10: 급여 > 은행 이체 메뉴에서 이체 파일 생성 | G10: 은행 이체용 파일이 생성되고 다운로드 가능
A11: 10 | B11: 급여명세서 발행 | C11: HR_ADMIN (hr@ctr.co.kr) | D11: Step 8 완료 | F11: 급여 실행 > 명세서 발행 클릭 | G11: 직원별 급여명세서가 생성되고 발행 상태가 "발행완료"로 변경됨
A12: 11 | B12: EMPLOYEE 급여명세서 확인 | C12: EMPLOYEE (employee-a@ctr.co.kr) | D12: Step 10 완료 | F12: 좌측 메뉴 > My Space > 내 급여명세서 클릭 | G12: 이민준의 4월 급여명세서가 표시되고 항목별 금액 확인 가능
A13: 12 | B13: 급여명세서 항목 확인 | C13: EMPLOYEE (employee-a@ctr.co.kr) | D13: Step 11 완료 | F13: 급여명세서에서 세부 항목 확인 | G13: 기본급, 식대, 교통비, 4대보험(국민연금/건강보험/고용보험/산재보험) 항목이 모두 표시됨
A14: 13 | B14: 글로벌 급여 관리 | C14: HR_ADMIN (hr@ctr.co.kr) | D14: 로그인 완료 | F14: 급여 > 글로벌 급여 메뉴 클릭 | G14: 해외 법인(CTR-CN 등)의 급여 관리 화면이 표시됨
A15: 14 | B15: 연말정산 (KR) | C15: HR_ADMIN (hr@ctr.co.kr) | D15: 로그인 완료 | F15: 급여 > 연말정산 메뉴 클릭 | G15: 한국 법인 직원의 연말정산 관리 화면이 표시됨
A16: 15 | B16: 무급 인턴 급여 제외 | C16: HR_ADMIN (hr@ctr.co.kr) | D16: 로그인 완료, EDGE-017 시드 데이터 존재 | E16: 무급실 (EDGE-017) | F16: 급여 실행에서 무급실 확인 | G16: 무급 인턴이 급여 지급 대상에서 제외되거나 0원으로 처리됨
A17: 16 | B17: 연봉 밴드 초과자 확인 | C17: HR_ADMIN (hr@ctr.co.kr) | D17: 로그인 완료, EDGE-015 시드 데이터 존재 | E17: 고초과 (EDGE-015) | F17: 보상 또는 급여 관리에서 밴드 초과자 확인 | G17: 고초과의 현재 연봉이 해당 직급 밴드 상한을 초과한다는 경고가 표시됨
A18: 17 | B18: 연봉 밴드 미달자 확인 | C18: HR_ADMIN (hr@ctr.co.kr) | D18: 로그인 완료, EDGE-016 시드 데이터 존재 | E18: 하미달 (EDGE-016) | F18: 보상 또는 급여 관리에서 밴드 미달자 확인 | G18: 하미달의 현재 연봉이 해당 직급 밴드 하한에 미달한다는 경고가 표시됨
A19: 18 | B19: 급여 데이터 가져오기 | C19: HR_ADMIN (hr@ctr.co.kr) | D19: 로그인 완료 | F19: 급여 > 데이터 가져오기 메뉴 확인 | G19: 외부 급여 데이터 임포트 기능이 제공됨
A20: 19 | B20: 빈번한 급여 변경 직원 | C20: HR_ADMIN (hr@ctr.co.kr) | D20: 로그인 완료, EDGE-018 시드 데이터 존재 | E20: 변봉급 (EDGE-018) | F20: 급여 이상 감지에서 변봉급 확인 | G20: 잦은 급여 변경 이력이 이상 항목으로 감지됨
A21: 20 | B21: 비정기 조정 대기 확인 | C21: HR_ADMIN (hr@ctr.co.kr) | D21: 로그인 완료, EDGE-019 시드 데이터 존재 | E21: 승대기 (EDGE-019) | F21: 보상 > 비정기 조정 목록에서 승대기 확인 | G21: 승인 대기 중인 비정기 조정 건이 표시됨
A22: 21 | B22: EMPLOYEE 타인 급여 접근 차단 | C22: EMPLOYEE (employee-a@ctr.co.kr) | D22: 로그인 완료 | E22: URL: /payroll/me/[다른직원RunID] | F22: 브라우저 주소창에 다른 직원의 급여명세서 URL 직접 입력 | G22: 403 접근 거부 또는 본인 급여만 조회 가능
A23: 22 | B23: 급여 실행 삭제/취소 | C23: HR_ADMIN (hr@ctr.co.kr) | D23: 초안 상태의 급여 실행 존재 | F23: 급여 대시보드에서 초안 상태 급여 실행 선택 > 삭제/취소 | G23: 초안 상태의 급여 실행이 삭제/취소됨

Sheet 결재_승인
A1: Step# | B1: 비즈니스 목적 | C1: 테스터 역할 | D1: 전제조건 | E1: 테스트 데이터 | F1: 수행 액션 | G1: 기대되는 비즈니스 결과 | H1: 실제 결과 | I1: Pass/Fail/Block | J1: 이슈ID | K1: 비고
A2: 1 | B2: EMPLOYEE 결재 요청 생성 | C2: EMPLOYEE (employee-a@ctr.co.kr) | D2: 로그인 완료 | E2: 휴가 신청: 연차 1일 (2026-04-25) | F2: 내 휴가 > 연차 신청 > 제출 | G2: 결재 요청이 생성되고 매니저의 결재함에 전송됨
A3: 2 | B3: MANAGER 결재함 대기 건 확인 | C3: MANAGER (manager@ctr.co.kr) | D3: Step 1 완료 | F3: 좌측 메뉴 > 결재 > 결재함 클릭 | G3: 이민준의 휴가 신청이 대기 건으로 표시됨
A4: 3 | B4: 결재 승인 | C4: MANAGER (manager@ctr.co.kr) | D4: Step 2 완료 | F4: 결재함에서 이민준 휴가 신청 선택 > 승인 | G4: 결재가 승인되고 상태가 "완료"로 변경됨
A5: 4 | B5: 결재 반려 + 사유 | C5: MANAGER (manager@ctr.co.kr) | D5: 새로운 결재 대기 건 존재 | E5: 반려 사유: 날짜 변경 요청 | F5: 결재함에서 대기 건 선택 > 반려 > 사유 입력 > 확인 | G5: 결재가 반려되고 신청자에게 반려 사유가 전달됨
A6: 5 | B6: 다단계 승인 흐름 | C6: EMPLOYEE (employee-a@ctr.co.kr) | D6: 다단계 결재 라인 설정됨 (팀장→HR) | F6: 결재가 필요한 요청 제출 | G6: 1단계(팀장) 승인 후 2단계(HR)로 자동 전달됨
A7: 6 | B7: 다단계 2차 승인 | C7: HR_ADMIN (hr@ctr.co.kr) | D7: Step 5에서 1단계 승인 완료 | F7: 결재함에서 2단계 대기 건 확인 > 승인 | G7: 최종 승인되고 전체 결재 프로세스가 완료됨
A8: 7 | B8: 위임 설정 | C8: MANAGER (manager@ctr.co.kr) | D8: 로그인 완료 | E8: 위임 대상: 김서연 (manager2), 기간: 2026-04-20~30 | F8: 설정 > 위임 관리 > 새 위임 > 대리자/기간 지정 > 저장 | G8: 위임이 설정되고 해당 기간 동안 결재 건이 대리자에게 전달됨
A9: 8 | B9: 위임 결재 동작 | C9: MANAGER (manager2@ctr.co.kr) | D9: Step 7 완료, 위임 기간 중 결재 건 존재 | F9: 결재함에서 위임받은 결재 건 확인 > 승인 | G9: 위임 결재자(김서연)가 정상적으로 승인 처리 가능
A10: 9 | B10: HR_ADMIN 전체 결재 현황 | C10: HR_ADMIN (hr@ctr.co.kr) | D10: 로그인 완료 | F10: 좌측 메뉴 > 결재 > 전체 현황 또는 결재함 클릭 | G10: HR_ADMIN이 전체 법인의 결재 현황(대기/완료/반려)을 조회할 수 있음
A11: 10 | B11: 결재 라인 설정 확인 | C11: HR_ADMIN (hr@ctr.co.kr) | D11: 로그인 완료 | F11: 설정 > 시스템 > 결재 플로우 확인 | G11: 결재 유형별(휴가/출퇴근/급여 등) 결재 라인이 설정되어 있음
A12: 11 | B12: 출퇴근 결재 | C12: MANAGER (manager@ctr.co.kr) | D12: 출퇴근 수정 요청 결재 건 존재 | F12: 결재함 > 출퇴근 탭에서 수정 요청 확인 > 승인 | G12: 출퇴근 수정이 승인되고 기록에 반영됨
A13: 12 | B13: 급여 결재 | C13: HR_ADMIN (hr@ctr.co.kr) | D13: 급여 실행 승인 요청 건 존재 | F13: 결재함에서 급여 실행 승인 요청 확인 > 승인 | G13: 급여 실행이 최종 승인됨
A14: 13 | B14: 비정기 보상 결재 | C14: HR_ADMIN (hr@ctr.co.kr) | D14: 비정기 보상 결재 건 존재 | F14: 결재함에서 비정기 보상 요청 확인 > 승인 | G14: 비정기 보상이 승인되고 해당 직원 급여에 반영됨
A15: 14 | B15: 결재 이력 조회 | C15: EMPLOYEE (employee-a@ctr.co.kr) | D15: 이전 결재 건 존재 | F15: 결재 > 내 신청 내역 확인 | G15: 본인이 신청한 결재 건의 이력(상태, 승인일, 결재자)이 표시됨
A16: 15 | B16: 결재 철회 | C16: EMPLOYEE (employee-a@ctr.co.kr) | D16: 승인 대기 중인 결재 건 존재 | F16: 내 신청 내역에서 대기 건 선택 > 철회 | G16: 결재 요청이 철회되고 상태가 "철회"로 변경됨
A17: 16 | B17: 매니저 없는 직원 결재 라인 | C17: HR_ADMIN (hr@ctr.co.kr) | D17: 로그인 완료, EDGE-011 시드 데이터 존재 | E17: 윤대표 (EDGE-011) | F17: 윤대표(상위 보고자 없음)의 결재 라인 확인 | G17: 매니저 없는 직원의 결재가 스킵되거나 HR로 직접 전달됨
A18: 17 | B18: 결재 알림 확인 | C18: MANAGER (manager@ctr.co.kr) | D18: 새 결재 건 존재 | F18: 알림 센터에서 결재 관련 알림 확인 | G18: 새 결재 건에 대한 알림이 표시됨
A19: 18 | B19: 일괄 결재 | C19: MANAGER (manager@ctr.co.kr) | D19: 복수 결재 대기 건 존재 | F19: 결재함에서 복수 건 선택 > 일괄 승인 | G19: 선택한 건들이 일괄로 승인 처리됨

Sheet 마스터데이터_설정
A1: Step# | B1: 비즈니스 목적 | C1: 테스터 역할 | D1: 전제조건 | E1: 테스트 데이터 | F1: 수행 액션 | G1: 기대되는 비즈니스 결과 | H1: 실제 결과 | I1: Pass/Fail/Block | J1: 이슈ID | K1: 비고
A2: 1 | B2: 법인 기본정보 확인 | C2: HR_ADMIN (hr@ctr.co.kr) | D2: 로그인 완료 | F2: 설정 > 조직 > 법인 기본정보 확인 | G2: 법인 코드, 사업자번호, 주소 등 기본정보가 정확히 표시됨
A3: 2 | B3: 법인 정보 수정 | C3: HR_ADMIN (hr@ctr.co.kr) | D3: Step 1 완료 | E3: 변경: 대표번호 수정 | F3: 법인 정보에서 대표번호 수정 > 저장 | G3: 변경사항이 저장되고 반영됨
A4: 3 | B4: 부서 구조 조회 | C4: HR_ADMIN (hr@ctr.co.kr) | D4: 로그인 완료 | F4: 설정 > 조직 > 부서 관리 클릭 | G4: 부서 트리 구조가 표시되고 상위-하위 관계가 정확함
A5: 4 | B5: 부서 추가 | C5: HR_ADMIN (hr@ctr.co.kr) | D5: Step 3 완료 | E5: 새 부서: AI연구팀 (상위: 개발부) | F5: 부서 관리 > 부서 추가 > 부서명, 상위부서 입력 > 저장 | G5: 새 부서가 생성되고 트리에 올바른 위치에 표시됨
A6: 5 | B6: 직위 관리 | C6: HR_ADMIN (hr@ctr.co.kr) | D6: 로그인 완료 | F6: 설정 > 조직 > 직위 관리 확인 | G6: 직위 목록(사원, 대리, 과장, 차장, 부장, 이사 등)이 표시됨
A7: 6 | B7: 직급-호칭 매핑 확인 | C7: HR_ADMIN (hr@ctr.co.kr) | D7: 로그인 완료 | F7: 설정 > 조직 > 직급 관리에서 L/E/S 체계 확인 | G7: 직급(L1~L4, E1~E2, S1~S2) 별 호칭 매핑이 정확히 표시됨
A8: 7 | B8: 직종/직무 관리 | C8: HR_ADMIN (hr@ctr.co.kr) | D8: 로그인 완료 | F8: 설정 > 조직 > 직종/직무 관리 확인 | G8: 직종(기술, 경영 등)과 직무 목록이 표시됨
A9: 8 | B9: 발령 규칙 확인 | C9: HR_ADMIN (hr@ctr.co.kr) | D9: 로그인 완료 | F9: 설정 > 조직 > 발령 규칙 확인 | G9: 발령 유형별 규칙(승진 요건, 이동 제한 등)이 설정되어 있음
A10: 9 | B10: 수습 기간 설정 | C10: HR_ADMIN (hr@ctr.co.kr) | D10: 로그인 완료 | F10: 설정 > 조직 > 수습 기간 설정 확인 | G10: 수습 기간(3개월/6개월 등)이 설정되어 있음
A11: 10 | B11: 커스텀 필드 관리 | C11: HR_ADMIN (hr@ctr.co.kr) | D11: 로그인 완료 | F11: 설정 > 조직 > 커스텀 필드 관리 확인 | G11: 사용자 정의 필드 목록이 표시되고 추가/수정 가능
A12: 11 | B12: 코드 관리 | C12: HR_ADMIN (hr@ctr.co.kr) | D12: 로그인 완료 | F12: 설정 > 조직 > 코드 관리 확인 | G12: 시스템 코드(고용형태, 발령유형 등) 목록이 관리 가능
A13: 12 | B13: 근무지 관리 | C13: HR_ADMIN (hr@ctr.co.kr) | D13: 로그인 완료 | F13: 설정 > 조직 > 근무지 관리 확인 | G13: 근무지 목록(본사, 지사 등)이 표시되고 위치 정보 확인 가능
A14: 13 | B14: 근무 스케줄 확인 | C14: HR_ADMIN (hr@ctr.co.kr) | D14: 로그인 완료 | F14: 설정 > 출퇴근 > 근무 스케줄 확인 | G14: 기본 근무 스케줄(출근 09:00, 퇴근 18:00 등)이 설정되어 있음
A15: 14 | B15: 근무 스케줄 수정 | C15: HR_ADMIN (hr@ctr.co.kr) | D15: Step 13 완료 | E15: 변경: 유연근무제 점심시간 12:00~13:00 | F15: 근무 스케줄 수정 > 저장 | G15: 변경된 스케줄이 저장되고 반영됨
A16: 15 | B16: 주간 근무한도 설정 | C16: HR_ADMIN (hr@ctr.co.kr) | D16: 로그인 완료 | F16: 설정 > 출퇴근 > 근무한도에서 52시간 설정 확인 | G16: 주 52시간 한도가 설정되어 있고 경고 임계값이 확인됨
A17: 16 | B17: 교대근무 패턴 | C17: HR_ADMIN (hr@ctr.co.kr) | D17: 로그인 완료 | F17: 설정 > 출퇴근 > 교대근무 패턴 확인 | G17: 교대근무 패턴(주간/야간/3교대 등)이 설정되어 있음
A18: 17 | B18: 휴가 유형 확인 | C18: HR_ADMIN (hr@ctr.co.kr) | D18: 로그인 완료 | F18: 설정 > 휴가 > 휴가 유형 관리 확인 | G18: 연차, 병가, 경조사, 출산휴가 등 휴가 유형이 목록으로 표시됨
A19: 18 | B19: 휴가 부여 규칙 | C19: HR_ADMIN (hr@ctr.co.kr) | D19: 로그인 완료 | F19: 설정 > 휴가 > 부여 규칙 확인 | G19: 근속연수별 연차 부여 규칙이 설정되어 있음
A20: 19 | B20: 연차촉진 설정 | C20: HR_ADMIN (hr@ctr.co.kr) | D20: 로그인 완료 | F20: 설정 > 휴가 > 연차촉진 설정 확인 | G20: 연차촉진 알림 기준(잔여일수, 알림 시점 등)이 설정됨
A21: 20 | B21: 지정연차 관리 | C21: HR_ADMIN (hr@ctr.co.kr) | D21: 로그인 완료 | F21: 설정 > 휴가 > 지정연차 관리 확인 | G21: 회사 지정 연차일 등록/관리 기능이 제공됨
A22: 21 | B22: 법정 공휴일 캘린더 | C22: HR_ADMIN (hr@ctr.co.kr) | D22: 로그인 완료 | F22: 설정 > 휴가 > 공휴일 캘린더 확인 | G22: 한국 법정 공휴일이 등록되어 있고 연도별 관리 가능
A23: 22 | B23: 초과근무 설정 | C23: HR_ADMIN (hr@ctr.co.kr) | D23: 로그인 완료 | F23: 설정 > 출퇴근 > 초과근무 설정 확인 | G23: 초과근무 승인 방식, 수당 계산 규칙이 설정되어 있음
A24: 23 | B24: 휴직 유형 관리 | C24: HR_ADMIN (hr@ctr.co.kr) | D24: 로그인 완료 | F24: 설정 > 휴가 > 휴직 유형 관리 확인 | G24: 육아휴직, 병간호휴직, 개인사유 등 휴직 유형이 관리 가능
A25: 24 | B25: 급여 항목 관리 | C25: HR_ADMIN (hr@ctr.co.kr) | D25: 로그인 완료 | F25: 설정 > 급여 > 급여 항목 관리 확인 | G25: 기본급, 식대, 교통비 등 급여 항목이 목록으로 표시됨
A26: 25 | B26: 공제 항목 관리 | C26: HR_ADMIN (hr@ctr.co.kr) | D26: 로그인 완료 | F26: 설정 > 급여 > 공제 항목 관리 확인 | G26: 국민연금, 건강보험, 고용보험, 소득세 등 공제 항목이 표시됨
A27: 26 | B27: 비과세 한도 확인 | C27: HR_ADMIN (hr@ctr.co.kr) | D27: 로그인 완료 | F27: 설정 > 급여 > 비과세 한도 확인 | G27: 식대, 교통비 등 비과세 한도가 설정되어 있음
... A37: 36 | B37: 알림 설정 | C37: HR_ADMIN (hr@ctr.co.kr) | D37: 로그인 완료 | F37: 설정 > 시스템 > 알림 설정 확인 | G37: 이메일/인앱 알림 유형별 설정이 관리 가능

Sheet 성과관리
A1: # | B1: 기능 | C1: 세부기능 | D1: 테스트 계정 | E1: 확인 | F1: 심각도 | G1: 테스터 | H1: 날짜 | I1: 비고
A2: 1 | B2: 성과 관리 | C2: 성과 대시보드 (/performance) | D2: HR_ADMIN (hr@ctr.co.kr)
A3: 2 | B3: 성과 관리 | C3: 관리자 뷰 (/performance/admin) | D3: HR_ADMIN (hr@ctr.co.kr)
A4: 3 | B4: 목표 설정 | C4: 목표 목록 (/performance/goals) | D4: HR_ADMIN (hr@ctr.co.kr)
A5: 4 | B5: 목표 설정 | C5: 새 목표 생성 (/performance/goals/new) | D5: EMPLOYEE (employee-a@ctr.co.kr)
A6: 5 | B6: 목표 설정 | C6: 내 목표 조회 (/performance/my-goals) | D6: EMPLOYEE (employee-a@ctr.co.kr)
A7: 6 | B7: 목표 설정 | C7: 팀 목표 조회 (/performance/team-goals) | D7: MANAGER (manager@ctr.co.kr)
A8: 7 | B8: 평가 사이클 | C8: 평가 사이클 목록 (/performance/cycles) | D8: HR_ADMIN (hr@ctr.co.kr)
A9: 8 | B9: 평가 사이클 | C9: 평가 사이클 상세 (/performance/cycles/[id]) | D9: HR_ADMIN (hr@ctr.co.kr)
A10: 9 | B10: 자기평가 | C10: 자기평가 작성 (/performance/self-eval) | D10: EMPLOYEE (employee-a@ctr.co.kr)
A11: 10 | B11: 자기평가 | C11: 내 평가 확인 (/performance/my-evaluation) | D11: EMPLOYEE (employee-a@ctr.co.kr)
A12: 11 | B12: 매니저 평가 | C12: 매니저 평가 작성 (/performance/manager-eval) | D12: MANAGER (manager@ctr.co.kr)
A13: 12 | B13: 매니저 평가 | C13: 매니저 평가 (대체 경로) (/performance/manager-evaluation) | D13: MANAGER (manager@ctr.co.kr)
... A32: 31 | B32: 알림 | C32: 성과 알림 (/performance/notifications) | D32: EMPLOYEE (employee-a@ctr.co.kr)

Sheet 채용
A1: # | B1: 기능 | C1: 세부기능 | D1: 테스트 계정 | E1: 확인 | F1: 심각도 | G1: 테스터 | H1: 날짜 | I1: 비고
A2: 1 | B2: 채용 | C2: 채용 공고 목록 (/recruitment) | D2: HR_ADMIN (hr@ctr.co.kr)
A3: 2 | B3: 채용 | C3: 새 공고 작성 (/recruitment/new) | D3: HR_ADMIN (hr@ctr.co.kr)
A4: 3 | B4: 채용 | C4: 공고 상세 (/recruitment/[id]) | D4: HR_ADMIN (hr@ctr.co.kr)
A5: 4 | B5: 채용 | C5: 공고 수정 (/recruitment/[id]/edit) | D5: HR_ADMIN (hr@ctr.co.kr)
A6: 5 | B6: 지원자 | C6: 지원자 목록 (/recruitment/[id]/applicants) | D6: HR_ADMIN (hr@ctr.co.kr)
A7: 6 | B7: 지원자 | C7: 새 지원자 등록 (/recruitment/[id]/applicants/new) | D7: HR_ADMIN (hr@ctr.co.kr)
A8: 7 | B8: 면접 | C8: 면접 일정 목록 (/recruitment/[id]/interviews) | D8: HR_ADMIN (hr@ctr.co.kr)
A9: 8 | B9: 면접 | C9: 새 면접 등록 (/recruitment/[id]/interviews/new) | D9: HR_ADMIN (hr@ctr.co.kr)
A10: 9 | B10: 파이프라인 | C10: 파이프라인 칸반 (/recruitment/[id]/pipeline) | D10: HR_ADMIN (hr@ctr.co.kr)
A11: 10 | B11: 보드 뷰 | C11: 전체 보드 뷰 (/recruitment/board) | D11: HR_ADMIN (hr@ctr.co.kr)
A12: 11 | B12: 대시보드 | C12: 채용 대시보드 (/recruitment/dashboard) | D12: HR_ADMIN (hr@ctr.co.kr)
A13: 12 | B13: 인재풀 | C13: 인재풀 관리 (/recruitment/talent-pool) | D13: HR_ADMIN (hr@ctr.co.kr)
... A18: 17 | B18: ATS 전환 | C18: ATS 합격자 → 직원 전환 프로세스 | D18: HR_ADMIN (hr@ctr.co.kr)

Sheet 보상
A1: # | B1: 기능 | C1: 세부기능 | D1: 테스트 계정 | E1: 확인 | F1: 심각도 | G1: 테스터 | H1: 날짜 | I1: 비고
A2: 1 | B2: 보상 검토 | C2: 보상 대시보드 (/compensation) | D2: HR_ADMIN (hr@ctr.co.kr)
A3: 2 | B3: 비정기 조정 | C3: 비정기 조정 목록 (/compensation/off-cycle) | D3: HR_ADMIN (hr@ctr.co.kr)
A4: 3 | B4: 비정기 조정 | C4: 비정기 조정 상세 (/compensation/off-cycle/[id]) | D4: HR_ADMIN (hr@ctr.co.kr)
A5: 4 | B5: 비정기 조정 | C5: 비정기 조정 생성 (/compensation/off-cycle/new) | D5: HR_ADMIN (hr@ctr.co.kr)
A6: 5 | B6: 보상 레터 | C6: 보상 레터 생성 및 발송 확인 | D6: HR_ADMIN (hr@ctr.co.kr)
A7: 6 | B7: 보상 검토 | C7: MANAGER 보상 검토 접근 가능 여부 | D7: MANAGER (manager@ctr.co.kr)
A8: 7 | B8: 보상 분석 | C8: 직급별 보상 분포 확인 | D8: HR_ADMIN (hr@ctr.co.kr)
A9: 8 | B9: 보상 | C9: 총보상 명세서 확인 (/my/total-rewards) | D9: EMPLOYEE (employee-a@ctr.co.kr)

Sheet 분석
A1: # | B1: 기능 | C1: 세부기능 | D1: 테스트 계정 | E1: 확인 | F1: 심각도 | G1: 테스터 | H1: 날짜 | I1: 비고
A2: 1 | B2: 분석 | C2: 경영진 요약 대시보드 (/analytics) | D2: HR_ADMIN (hr@ctr.co.kr)
A3: 2 | B3: 인력 분석 | C3: 인력 현황 분석 (/analytics/workforce) | D3: HR_ADMIN (hr@ctr.co.kr)
A4: 3 | B4: 급여 분석 | C4: 급여 통계 (/analytics/payroll) | D4: HR_ADMIN (hr@ctr.co.kr)
A5: 4 | B5: 성과 분석 | C5: 성과 분석 (/analytics/performance) | D5: HR_ADMIN (hr@ctr.co.kr)
A6: 5 | B6: 출퇴근 분석 | C6: 근태 분석 (/analytics/attendance) | D6: HR_ADMIN (hr@ctr.co.kr)
A7: 6 | B7: 이직 분석 | C7: 이직률 분석 (/analytics/turnover) | D7: HR_ADMIN (hr@ctr.co.kr)
A8: 7 | B8: 팀 건강도 | C8: 팀 건강도 지표 (/analytics/team-health) | D8: HR_ADMIN (hr@ctr.co.kr)
A9: 8 | B9: AI 리포트 | C9: AI 기반 분석 리포트 (/analytics/ai-report) | D9: HR_ADMIN (hr@ctr.co.kr)
A10: 9 | B10: 채용 분석 | C10: 채용 파이프라인 분석 (/analytics/recruitment) | D10: HR_ADMIN (hr@ctr.co.kr)
A11: 10 | B11: 보상 분석 | C11: 보상 분석 (/analytics/compensation) | D11: HR_ADMIN (hr@ctr.co.kr)
A12: 11 | B12: 성별 임금격차 | C12: 성별 임금 격차 분석 (/analytics/gender-pay-gap) | D12: HR_ADMIN (hr@ctr.co.kr)
A13: 12 | B13: 이탈 분석 | C13: 이탈 분석 (/analytics/attrition) | D13: HR_ADMIN (hr@ctr.co.kr)
... A17: 16 | B17: 대시보드 | C17: 대시보드 비교 (/dashboard/compare) | D17: HR_ADMIN (hr@ctr.co.kr)

Sheet 온보딩_오프보딩
A1: # | B1: 기능 | C1: 세부기능 | D1: 테스트 계정 | E1: 확인 | F1: 심각도 | G1: 테스터 | H1: 날짜 | I1: 비고
A2: 1 | B2: 온보딩 | C2: 온보딩 관리 목록 (/onboarding) | D2: HR_ADMIN (hr@ctr.co.kr)
A3: 2 | B3: 온보딩 | C3: 온보딩 상세 (/onboarding/[id]) | D3: HR_ADMIN (hr@ctr.co.kr)
A4: 3 | B4: 온보딩 | C4: 온보딩 체크인 관리 (/onboarding/checkins) | D4: HR_ADMIN (hr@ctr.co.kr)
A5: 4 | B5: 온보딩 | C5: 온보딩 체크인 실행 (/onboarding/checkin) | D5: MANAGER (manager@ctr.co.kr)
A6: 5 | B6: 온보딩 | C6: 내 온보딩 (/onboarding/me) | D6: EMPLOYEE (employee-a@ctr.co.kr)
A7: 6 | B7: 오프보딩 | C7: 오프보딩 관리 목록 (/offboarding) | D7: HR_ADMIN (hr@ctr.co.kr)
A8: 7 | B8: 오프보딩 | C8: 오프보딩 상세 (/offboarding/[id]) | D8: HR_ADMIN (hr@ctr.co.kr)
A9: 8 | B9: 오프보딩 | C9: 퇴직 면담 (/offboarding/exit-interviews) | D9: HR_ADMIN (hr@ctr.co.kr)
A10: 9 | B10: 오프보딩 | C10: 내 오프보딩 (/my/offboarding) | D10: EMPLOYEE (employee-a@ctr.co.kr)

Sheet 규정준수
A1: # | B1: 기능 | C1: 세부기능 | D1: 테스트 계정 | E1: 확인 | F1: 심각도 | G1: 테스터 | H1: 날짜 | I1: 비고
A2: 1 | B2: 컴플라이언스 | C2: 컴플라이언스 허브 (/compliance) | D2: HR_ADMIN (hr@ctr.co.kr)
A3: 2 | B3: GDPR | C3: GDPR 관리 (/compliance/gdpr) | D3: HR_ADMIN (hr@ctr.co.kr)
A4: 3 | B4: DPIA | C4: DPIA 평가 (/compliance/dpia) | D4: HR_ADMIN (hr@ctr.co.kr)
A5: 4 | B5: 데이터 보존 | C5: 데이터 보존 정책 (/compliance/data-retention) | D5: HR_ADMIN (hr@ctr.co.kr)
A6: 5 | B6: PII 감사 | C6: PII 감사 로그 (/compliance/pii-audit) | D6: HR_ADMIN (hr@ctr.co.kr)
A7: 6 | B7: 한국 규정 | C7: 한국 노동법 준수 (/compliance/kr) | D7: HR_ADMIN (hr@ctr.co.kr)
A8: 7 | B8: 중국 규정 | C8: 중국 노동법 준수 (/compliance/cn) | D8: HR_ADMIN (hr@ctr-cn.com)
A9: 8 | B9: 러시아 규정 | C9: 러시아 노동법 준수 (/compliance/ru) | D9: HR_ADMIN (hr@ctr.co.kr)

Sheet My Space
A1: # | B1: 기능 | C1: 세부기능 | D1: 테스트 계정 | E1: 확인 | F1: 심각도 | G1: 테스터 | H1: 날짜 | I1: 비고
A2: 1 | B2: My Space | C2: 내 할일 (/my/tasks) | D2: EMPLOYEE (employee-a@ctr.co.kr)
A3: 2 | B3: My Space | C3: 내 출퇴근 (/attendance — EMPLOYEE 뷰) | D3: EMPLOYEE (employee-a@ctr.co.kr)
A4: 3 | B4: My Space | C4: 내 휴가 (/my/leave) | D4: EMPLOYEE (employee-a@ctr.co.kr)
A5: 4 | B5: My Space | C5: 내 휴직 (/leave-of-absence — EMPLOYEE 뷰) | D5: EMPLOYEE (employee-a@ctr.co.kr)
A6: 5 | B6: My Space | C6: 내 급여명세서 (/payroll/me) | D6: EMPLOYEE (employee-a@ctr.co.kr)
A7: 6 | B7: My Space | C7: 내 급여명세서 상세 (/payroll/me/[runId]) | D7: EMPLOYEE (employee-a@ctr.co.kr)
A8: 7 | B8: My Space | C8: 내 복리후생 (/my/benefits) | D8: EMPLOYEE (employee-a@ctr.co.kr)
A9: 8 | B9: My Space | C9: 내 연말정산 (/my/year-end) | D9: EMPLOYEE (employee-a@ctr.co.kr)
A10: 9 | B10: My Space | C10: 내 목표 (/performance/my-goals) | D10: EMPLOYEE (employee-a@ctr.co.kr)
A11: 10 | B11: My Space | C11: 내 분기리뷰 (/performance/my-quarterly-review) | D11: EMPLOYEE (employee-a@ctr.co.kr)
A12: 11 | B12: My Space | C12: 내 스킬 (/my/skills) | D12: EMPLOYEE (employee-a@ctr.co.kr)
A13: 12 | B13: My Space | C13: 내 교육 (/my/training) | D13: EMPLOYEE (employee-a@ctr.co.kr)
... A21: 20 | B21: My Space | C21: 내 내부공모 (/my/internal-jobs) | D21: EMPLOYEE (employee-a@ctr.co.kr)

Sheet 엣지케이스
A1: Step# | B1: 비즈니스 목적 | C1: 테스터 역할 | D1: 전제조건 | E1: 테스트 데이터 | F1: 수행 액션 | G1: 기대되는 비즈니스 결과 | H1: 실제 결과 | I1: Pass/Fail/Block | J1: 이슈ID | K1: 비고
A2: 1 | B2: 수습 진행 중 직원 조회 | C2: HR_ADMIN (hr@ctr.co.kr) | D2: 로그인 완료, EDGE-001 시드 데이터 존재 | E2: 김수습 (EDGE-001) | F2: 직원 목록에서 김수습 검색 > 상세 페이지 진입 | G2: 수습 배지가 표시되고 수습 만료일(2026-06-01)이 확인됨. 수습 기간 중임을 시각적으로 구분 가능
A3: 2 | B3: 수습 만료 직원 경고 | C3: HR_ADMIN (hr@ctr.co.kr) | D3: 로그인 완료, EDGE-002 시드 데이터 존재 | E3: 박만료 (EDGE-002) | F3: 직원 목록에서 박만료 검색 | G3: 수습 기간 만료 경고가 표시됨 (2026-01-01 이미 지남). 수습 종료 처리가 필요하다는 알림
A4: 3 | B4: 계약 만료 임박 직원 | C4: HR_ADMIN (hr@ctr.co.kr) | D4: 로그인 완료, EDGE-003 시드 데이터 존재 | E4: 이계약 (EDGE-003) | F4: 직원 목록 또는 대시보드에서 계약 만료 예정자 확인 | G4: D-30 알림이 표시되고 계약 갱신/종료 조치가 필요함을 안내
A5: 4 | B5: 계약 만료 직원 상태 | C5: HR_ADMIN (hr@ctr.co.kr) | D5: 로그인 완료, EDGE-004 시드 데이터 존재 | E5: 최만기 (EDGE-004) | F5: 직원 목록에서 최만기 검색 | G5: 계약 만료 상태가 명확히 표시됨 (만료일: 2026-03-31)
A6: 5 | B6: 육아휴직 중 직원 | C6: HR_ADMIN (hr@ctr.co.kr) | D6: 로그인 완료, EDGE-005 시드 데이터 존재 | E6: 정육아 (EDGE-005) | F6: 직원 목록에서 정육아 확인 + 출퇴근/급여 관리에서 확인 | G6: 출퇴근 대상에서 제외되고, 급여 대상에서 제외됨. 휴직 상태 배지 표시
A7: 6 | B7: 휴직 복귀 예정 직원 | C7: HR_ADMIN (hr@ctr.co.kr) | D7: 로그인 완료, EDGE-006 시드 데이터 존재 | E7: 한복귀 (EDGE-006) | F7: 직원 목록 또는 휴직 관리에서 한복귀 확인 | G7: 복귀 예정 알림이 표시되고 복귀 처리 버튼 제공
A8: 7 | B8: 퇴사 예정 직원 오프보딩 | C8: HR_ADMIN (hr@ctr.co.kr) | D8: 로그인 완료, EDGE-007 시드 데이터 존재 | E8: 오퇴사 (EDGE-007) | F8: 직원 목록에서 오퇴사 확인 > 오프보딩 메뉴 확인 | G8: 오프보딩 체크리스트가 생성되어 있고 퇴사일(2026-05-06)까지 진행 상태 확인 가능
A9: 8 | B9: 퇴직 완료 직원 접근 차단 | C9: HR_ADMIN (hr@ctr.co.kr) | D9: 로그인 완료, EDGE-008 시드 데이터 존재 | E9: 유퇴직 (EDGE-008) | F9: 유퇴직 계정으로 로그인 시도 또는 활성 직원 목록에서 확인 | G9: 유퇴직은 활성 직원 목록에서 제외되고, 해당 계정 로그인이 차단됨
A10: 9 | B10: 겸직자 (2개 법인) | C10: HR_ADMIN (hr@ctr.co.kr) | D10: 로그인 완료, EDGE-009 시드 데이터 존재 | E10: 강겸직 (EDGE-009) | F10: 직원 목록에서 강겸직 검색 > 발령 정보 확인 | G10: 2개 법인(CTR, 다른 법인)에 모두 발령이 표시되고 각 법인에서 조회 가능
A11: 10 | B11: 다직위자 (3개 직위) | C11: HR_ADMIN (hr@ctr.co.kr) | D11: 로그인 완료, EDGE-010 시드 데이터 존재 | E11: 임다직 (EDGE-010) | F11: 직원 상세에서 임다직의 직위 정보 확인 | G11: 3개 직위가 모두 표시되고 주직위가 구분됨
A12: 11 | B12: 매니저 없는 직원 (CEO) | C12: HR_ADMIN (hr@ctr.co.kr) | D12: 로그인 완료, EDGE-011 시드 데이터 존재 | E12: 윤대표 (EDGE-011) | F12: 직원 상세에서 보고 라인 확인 + 결재 라인 확인 | G12: 상위 보고자 없이 정상 표시. 결재 시 스킵 또는 HR 직접 처리됨
A13: 12 | B13: EMPLOYEE 타인 급여 접근 차단 | C13: EMPLOYEE (employee-a@ctr.co.kr) | D13: 로그인 완료 | E13: URL: /payroll/me/[다른직원RunID] | F13: 브라우저 주소창에 다른 직원의 급여 URL 입력 | G13: 403 접근 거부. 본인 급여만 조회 가능
A14: 13 | B14: HR_ADMIN 타 법인 데이터 격리 | C14: HR_ADMIN (hr@ctr.co.kr) | D14: 로그인 완료 | F14: CTR 법인 HR_ADMIN으로 CTR-CN 직원 데이터 접근 시도 | G14: CTR-CN 직원 데이터가 표시되지 않음 (법인 격리)
A15: 14 | B15: 부서 미배정 신규 입사자 | C15: HR_ADMIN (hr@ctr.co.kr) | D15: 로그인 완료, EDGE-012 시드 데이터 존재 | E15: 신입사 (EDGE-012) | F15: 직원 목록에서 신입사 확인 | G15: 부서 미배정 상태로 오류 없이 표시됨. 부서 배정 필요 알림
A16: 15 | B16: 연차 잔액 0일 직원 | C16: HR_ADMIN (hr@ctr.co.kr) | D16: 로그인 완료, EDGE-021 시드 데이터 존재 | E16: 공소진 (EDGE-021) | F16: 휴가 관리에서 공소진 확인 + 추가 신청 시도 | G16: 잔액 0일 표시. 추가 신청 시 차단 또는 마이너스 경고
A17: 16 | B17: 연차 마이너스 잔액 직원 | C17: HR_ADMIN (hr@ctr.co.kr) | D17: 로그인 완료, EDGE-022 시드 데이터 존재 | E17: 마이너 (EDGE-022) | F17: 휴가 관리에서 마이너 확인 | G17: 마이너스 잔액이 정확히 표시되고 급여 공제 연동 확인
A18: 17 | B18: 빈번한 지각 직원 | C18: HR_ADMIN (hr@ctr.co.kr) | D18: 로그인 완료, EDGE-023 시드 데이터 존재 | E18: 지각왕 (EDGE-023) | F18: 출퇴근 관리에서 지각왕의 출퇴근 이력 확인 | G18: 빈번한 지각 패턴이 이상 항목으로 감지되고 경고 표시
A19: 18 | B19: 52시간 초과 위험 직원 | C19: HR_ADMIN (hr@ctr.co.kr) | D19: 로그인 완료, EDGE-024 시드 데이터 존재 | E19: 과로자 (EDGE-024) | F19: 출퇴근 관리에서 52시간 모니터링 확인 | G19: 주 52시간 초과 위험 경고가 표시됨
A20: 19 | B20: 잘못된 URL 직접 입력 | C20: EMPLOYEE (employee-a@ctr.co.kr) | D20: 로그인 완료 | E20: URL: /존재하지않는페이지 | F20: 브라우저 주소창에 존재하지 않는 경로 입력 | G20: 404 페이지가 표시되거나 홈으로 리다이렉트됨
A21: 20 | B21: 동시 세션 테스트 | C21: EMPLOYEE (employee-a@ctr.co.kr) | D21: 로그인 완료 | E21: 2개 브라우저(Chrome + Safari) | F21: 두 브라우저에서 동일 계정으로 동시 로그인 후 동시 작업 | G21: 두 세션 모두 정상 동작하거나, 보안 정책에 따라 이전 세션이 만료됨

Sheet 집계
A1: CTR HR Hub UAT 테스트 집계
A3: 모듈 | B3: 총 항목수 | C3: 완료 | D3: Pass | E3: Fail | F3: Block | G3: N/A | H3: 통과율(%)
A4: 인사관리 | B4: 30 | C4: =COUNTA('인사관리'!I2:I31) | D4: =COUNTIF('인사관리'!I2:I31,"Pass") | E4: =COUNTIF('인사관리'!I2:I31,"Fail") | F4: =COUNTIF('인사관리'!I2:I31,"Block") | G4: =COUNTIF('인사관리'!I2:I31,"N/A") | H4: =IF((D4+E4)=0,"-",D4/(D4+E4))
A5: 출퇴근 | B5: 22 | C5: =COUNTA('출퇴근'!I2:I23) | D5: =COUNTIF('출퇴근'!I2:I23,"Pass") | E5: =COUNTIF('출퇴근'!I2:I23,"Fail") | F5: =COUNTIF('출퇴근'!I2:I23,"Block") | G5: =COUNTIF('출퇴근'!I2:I23,"N/A") | H5: =IF((D5+E5)=0,"-",D5/(D5+E5))
A6: 휴가관리 | B6: 25 | C6: =COUNTA('휴가관리'!I2:I26) | D6: =COUNTIF('휴가관리'!I2:I26,"Pass") | E6: =COUNTIF('휴가관리'!I2:I26,"Fail") | F6: =COUNTIF('휴가관리'!I2:I26,"Block") | G6: =COUNTIF('휴가관리'!I2:I26,"N/A") | H6: =IF((D6+E6)=0,"-",D6/(D6+E6))
A7: 급여 | B7: 22 | C7: =COUNTA('급여'!I2:I23) | D7: =COUNTIF('급여'!I2:I23,"Pass") | E7: =COUNTIF('급여'!I2:I23,"Fail") | F7: =COUNTIF('급여'!I2:I23,"Block") | G7: =COUNTIF('급여'!I2:I23,"N/A") | H7: =IF((D7+E7)=0,"-",D7/(D7+E7))
A8: 결재/승인 | B8: 18 | C8: =COUNTA('결재_승인'!I2:I19) | D8: =COUNTIF('결재_승인'!I2:I19,"Pass") | E8: =COUNTIF('결재_승인'!I2:I19,"Fail") | F8: =COUNTIF('결재_승인'!I2:I19,"Block") | G8: =COUNTIF('결재_승인'!I2:I19,"N/A") | H8: =IF((D8+E8)=0,"-",D8/(D8+E8))
A9: 마스터데이터 설정 | B9: 36 | C9: =COUNTA('마스터데이터_설정'!I2:I37) | D9: =COUNTIF('마스터데이터_설정'!I2:I37,"Pass") | E9: =COUNTIF('마스터데이터_설정'!I2:I37,"Fail") | F9: =COUNTIF('마스터데이터_설정'!I2:I37,"Block") | G9: =COUNTIF('마스터데이터_설정'!I2:I37,"N/A") | H9: =IF((D9+E9)=0,"-",D9/(D9+E9))
A10: 성과관리 | B10: 31 | C10: =COUNTA('성과관리'!E2:E32) | D10: =COUNTIF('성과관리'!E2:E32,"Y") | E10: =COUNTIF('성과관리'!E2:E32,"N") | F10: =0 | G10: =COUNTIF('성과관리'!E2:E32,"NA") | H10: =IF((D10+E10)=0,"-",D10/(D10+E10))
A11: 채용 | B11: 17 | C11: =COUNTA('채용'!E2:E18) | D11: =COUNTIF('채용'!E2:E18,"Y") | E11: =COUNTIF('채용'!E2:E18,"N") | F11: =0 | G11: =COUNTIF('채용'!E2:E18,"NA") | H11: =IF((D11+E11)=0,"-",D11/(D11+E11))
A12: 보상 | B12: 8 | C12: =COUNTA('보상'!E2:E9) | D12: =COUNTIF('보상'!E2:E9,"Y") | E12: =COUNTIF('보상'!E2:E9,"N") | F12: =0 | G12: =COUNTIF('보상'!E2:E9,"NA") | H12: =IF((D12+E12)=0,"-",D12/(D12+E12))
A13: 분석 | B13: 16 | C13: =COUNTA('분석'!E2:E17) | D13: =COUNTIF('분석'!E2:E17,"Y") | E13: =COUNTIF('분석'!E2:E17,"N") | F13: =0 | G13: =COUNTIF('분석'!E2:E17,"NA") | H13: =IF((D13+E13)=0,"-",D13/(D13+E13))
A14: 온보딩/오프보딩 | B14: 9 | C14: =COUNTA('온보딩_오프보딩'!E2:E10) | D14: =COUNTIF('온보딩_오프보딩'!E2:E10,"Y") | E14: =COUNTIF('온보딩_오프보딩'!E2:E10,"N") | F14: =0 | G14: =COUNTIF('온보딩_오프보딩'!E2:E10,"NA") | H14: =IF((D14+E14)=0,"-",D14/(D14+E14))
A15: 규정준수 | B15: 8 | C15: =COUNTA('규정준수'!E2:E9) | D15: =COUNTIF('규정준수'!E2:E9,"Y") | E15: =COUNTIF('규정준수'!E2:E9,"N") | F15: =0 | G15: =COUNTIF('규정준수'!E2:E9,"NA") | H15: =IF((D15+E15)=0,"-",D15/(D15+E15))
A16: My Space | B16: 20 | C16: =COUNTA('My Space'!E2:E21) | D16: =COUNTIF('My Space'!E2:E21,"Y") | E16: =COUNTIF('My Space'!E2:E21,"N") | F16: =0 | G16: =COUNTIF('My Space'!E2:E21,"NA") | H16: =IF((D16+E16)=0,"-",D16/(D16+E16))
A17: 엣지케이스 | B17: 20 | C17: =COUNTA('엣지케이스'!I2:I21) | D17: =COUNTIF('엣지케이스'!I2:I21,"Pass") | E17: =COUNTIF('엣지케이스'!I2:I21,"Fail") | F17: =COUNTIF('엣지케이스'!I2:I21,"Block") | G17: =COUNTIF('엣지케이스'!I2:I21,"N/A") | H17: =IF((D17+E17)=0,"-",D17/(D17+E17))
A18: 합계 | B18: =SUM(B4:B17) | C18: =SUM(C4:C17) | D18: =SUM(D4:D17) | E18: =SUM(E4:E17) | F18: =SUM(F4:F17) | G18: =SUM(G4:G17) | H18: =IF((D18+E18)=0,"-",D18/(D18+E18))
A21: 일일 트리아지
A22: 날짜 | B22: 신규 이슈 | C22: 미해결 | D22: 수정 완료 | E22: 재테스트 | F22: 보류
