Workbook

Sheet 작성 안내
B1: UAT 피드백 작성 안내
B3: 1. 목적
B4: CTR HR Hub UAT(사용자 수용 테스트) 진행 중 발견하신 문제와 개선 제안을 기록하는 문서입니다.
B5: 본 폼에 입력하신 내용은 UAT 관리자가 매일 검토 후 개발팀에 정식 이슈로 전달합니다.
B7: 2. 시트 구성
B8: • 문제 보고 — 오류, 비정상 동작, 잘못된 결과 등을 보고합니다.
B9: • 개선 제안 — 신규 기능, 사용성 개선, 편의 기능 등을 제안합니다.
B10: • 집계 — UAT 관리자 전용입니다. 작성자는 입력하실 필요 없습니다.
B12: 3. 컬럼 작성 방법
B13: • 작성자: 본인 성함을 입력합니다.
B14: • 일자: 발견·작성 날짜 (YYYY-MM-DD).
B15: • 화면: 드롭다운에서 해당 화면을 선택합니다. 정확한 화면 명칭이 없으면 "기타"를 선택하고 비고에 보충 설명을 적어주세요.
... B71: 문의 사항은 UAT 관리자에게 직접 연락해주십시오. 작성 형식이 완벽하지 않아도 무방합니다. 관찰하신 사실을 그대로 기록해주시는 것이 가장 중요합니다.

Sheet 문제 보고
A1: 작성자 | B1: 발견 일자 | C1: 발생 화면 | D1: 발생 현상 | E1: 기대 결과 | F1: 심각도 | G1: 스크린샷 (권장)

Sheet 개선 제안
A1: 작성자 | B1: 작성 일자 | C1: 관련 화면 | D1: 현재 아쉬운 점 | E1: 제안 사항 | F1: 우선순위 | G1: 스크린샷 (권장)

Sheet 집계
A1: 집계 (UAT 관리자 전용)
A2: 작성자께서는 본 시트를 별도로 채우지 않으셔도 됩니다. 다른 시트 입력 시 자동 집계됩니다.
A4: 1. 문제 보고 — 화면별 건수
A5: 화면 | B5: 심각 | C5: 중요 | D5: 경미 | E5: 합계
A6: 홈 / 알림 | B6: =COUNTIFS('문제 보고'!C2:C51,A6,'문제 보고'!F2:F51,"심각 — 업무 진행 불가") | C6: =COUNTIFS('문제 보고'!C2:C51,A6,'문제 보고'!F2:F51,"중요 — 우회 가능") | D6: =COUNTIFS('문제 보고'!C2:C51,A6,'문제 보고'!F2:F51,"경미 — 사소한 표시 오류") | E6: =SUM(B6:D6)
A7: 나의 공간 (내 정보) | B7: =COUNTIFS('문제 보고'!C2:C51,A7,'문제 보고'!F2:F51,"심각 — 업무 진행 불가") | C7: =COUNTIFS('문제 보고'!C2:C51,A7,'문제 보고'!F2:F51,"중요 — 우회 가능") | D7: =COUNTIFS('문제 보고'!C2:C51,A7,'문제 보고'!F2:F51,"경미 — 사소한 표시 오류") | E7: =SUM(B7:D7)
A8: 휴가 신청·조회 | B8: =COUNTIFS('문제 보고'!C2:C51,A8,'문제 보고'!F2:F51,"심각 — 업무 진행 불가") | C8: =COUNTIFS('문제 보고'!C2:C51,A8,'문제 보고'!F2:F51,"중요 — 우회 가능") | D8: =COUNTIFS('문제 보고'!C2:C51,A8,'문제 보고'!F2:F51,"경미 — 사소한 표시 오류") | E8: =SUM(B8:D8)
A9: 휴직 신청·조회 | B9: =COUNTIFS('문제 보고'!C2:C51,A9,'문제 보고'!F2:F51,"심각 — 업무 진행 불가") | C9: =COUNTIFS('문제 보고'!C2:C51,A9,'문제 보고'!F2:F51,"중요 — 우회 가능") | D9: =COUNTIFS('문제 보고'!C2:C51,A9,'문제 보고'!F2:F51,"경미 — 사소한 표시 오류") | E9: =SUM(B9:D9)
A10: 출퇴근 | B10: =COUNTIFS('문제 보고'!C2:C51,A10,'문제 보고'!F2:F51,"심각 — 업무 진행 불가") | C10: =COUNTIFS('문제 보고'!C2:C51,A10,'문제 보고'!F2:F51,"중요 — 우회 가능") | D10: =COUNTIFS('문제 보고'!C2:C51,A10,'문제 보고'!F2:F51,"경미 — 사소한 표시 오류") | E10: =SUM(B10:D10)
A11: 결재함 (받은 결재) | B11: =COUNTIFS('문제 보고'!C2:C51,A11,'문제 보고'!F2:F51,"심각 — 업무 진행 불가") | C11: =COUNTIFS('문제 보고'!C2:C51,A11,'문제 보고'!F2:F51,"중요 — 우회 가능") | D11: =COUNTIFS('문제 보고'!C2:C51,A11,'문제 보고'!F2:F51,"경미 — 사소한 표시 오류") | E11: =SUM(B11:D11)
A12: 내 결재 신청 내역 | B12: =COUNTIFS('문제 보고'!C2:C51,A12,'문제 보고'!F2:F51,"심각 — 업무 진행 불가") | C12: =COUNTIFS('문제 보고'!C2:C51,A12,'문제 보고'!F2:F51,"중요 — 우회 가능") | D12: =COUNTIFS('문제 보고'!C2:C51,A12,'문제 보고'!F2:F51,"경미 — 사소한 표시 오류") | E12: =SUM(B12:D12)
A13: 급여명세서 | B13: =COUNTIFS('문제 보고'!C2:C51,A13,'문제 보고'!F2:F51,"심각 — 업무 진행 불가") | C13: =COUNTIFS('문제 보고'!C2:C51,A13,'문제 보고'!F2:F51,"중요 — 우회 가능") | D13: =COUNTIFS('문제 보고'!C2:C51,A13,'문제 보고'!F2:F51,"경미 — 사소한 표시 오류") | E13: =SUM(B13:D13)
A14: 연말 정산 | B14: =COUNTIFS('문제 보고'!C2:C51,A14,'문제 보고'!F2:F51,"심각 — 업무 진행 불가") | C14: =COUNTIFS('문제 보고'!C2:C51,A14,'문제 보고'!F2:F51,"중요 — 우회 가능") | D14: =COUNTIFS('문제 보고'!C2:C51,A14,'문제 보고'!F2:F51,"경미 — 사소한 표시 오류") | E14: =SUM(B14:D14)
A15: 내 목표·평가 | B15: =COUNTIFS('문제 보고'!C2:C51,A15,'문제 보고'!F2:F51,"심각 — 업무 진행 불가") | C15: =COUNTIFS('문제 보고'!C2:C51,A15,'문제 보고'!F2:F51,"중요 — 우회 가능") | D15: =COUNTIFS('문제 보고'!C2:C51,A15,'문제 보고'!F2:F51,"경미 — 사소한 표시 오류") | E15: =SUM(B15:D15)
A16: 분기 리뷰 | B16: =COUNTIFS('문제 보고'!C2:C51,A16,'문제 보고'!F2:F51,"심각 — 업무 진행 불가") | C16: =COUNTIFS('문제 보고'!C2:C51,A16,'문제 보고'!F2:F51,"중요 — 우회 가능") | D16: =COUNTIFS('문제 보고'!C2:C51,A16,'문제 보고'!F2:F51,"경미 — 사소한 표시 오류") | E16: =SUM(B16:D16)
A17: 인정·칭찬 | B17: =COUNTIFS('문제 보고'!C2:C51,A17,'문제 보고'!F2:F51,"심각 — 업무 진행 불가") | C17: =COUNTIFS('문제 보고'!C2:C51,A17,'문제 보고'!F2:F51,"중요 — 우회 가능") | D17: =COUNTIFS('문제 보고'!C2:C51,A17,'문제 보고'!F2:F51,"경미 — 사소한 표시 오류") | E17: =SUM(B17:D17)
A18: 리포트·통계 | B18: =COUNTIFS('문제 보고'!C2:C51,A18,'문제 보고'!F2:F51,"심각 — 업무 진행 불가") | C18: =COUNTIFS('문제 보고'!C2:C51,A18,'문제 보고'!F2:F51,"중요 — 우회 가능") | D18: =COUNTIFS('문제 보고'!C2:C51,A18,'문제 보고'!F2:F51,"경미 — 사소한 표시 오류") | E18: =SUM(B18:D18)
A19: 직원 관리 (HR) | B19: =COUNTIFS('문제 보고'!C2:C51,A19,'문제 보고'!F2:F51,"심각 — 업무 진행 불가") | C19: =COUNTIFS('문제 보고'!C2:C51,A19,'문제 보고'!F2:F51,"중요 — 우회 가능") | D19: =COUNTIFS('문제 보고'!C2:C51,A19,'문제 보고'!F2:F51,"경미 — 사소한 표시 오류") | E19: =SUM(B19:D19)
A20: 조직도·부서 관리 (HR) | B20: =COUNTIFS('문제 보고'!C2:C51,A20,'문제 보고'!F2:F51,"심각 — 업무 진행 불가") | C20: =COUNTIFS('문제 보고'!C2:C51,A20,'문제 보고'!F2:F51,"중요 — 우회 가능") | D20: =COUNTIFS('문제 보고'!C2:C51,A20,'문제 보고'!F2:F51,"경미 — 사소한 표시 오류") | E20: =SUM(B20:D20)
A21: 근태 관리 (HR) | B21: =COUNTIFS('문제 보고'!C2:C51,A21,'문제 보고'!F2:F51,"심각 — 업무 진행 불가") | C21: =COUNTIFS('문제 보고'!C2:C51,A21,'문제 보고'!F2:F51,"중요 — 우회 가능") | D21: =COUNTIFS('문제 보고'!C2:C51,A21,'문제 보고'!F2:F51,"경미 — 사소한 표시 오류") | E21: =SUM(B21:D21)
A22: 휴가 관리 (HR) | B22: =COUNTIFS('문제 보고'!C2:C51,A22,'문제 보고'!F2:F51,"심각 — 업무 진행 불가") | C22: =COUNTIFS('문제 보고'!C2:C51,A22,'문제 보고'!F2:F51,"중요 — 우회 가능") | D22: =COUNTIFS('문제 보고'!C2:C51,A22,'문제 보고'!F2:F51,"경미 — 사소한 표시 오류") | E22: =SUM(B22:D22)
A23: 급여 관리 (HR) | B23: =COUNTIFS('문제 보고'!C2:C51,A23,'문제 보고'!F2:F51,"심각 — 업무 진행 불가") | C23: =COUNTIFS('문제 보고'!C2:C51,A23,'문제 보고'!F2:F51,"중요 — 우회 가능") | D23: =COUNTIFS('문제 보고'!C2:C51,A23,'문제 보고'!F2:F51,"경미 — 사소한 표시 오류") | E23: =SUM(B23:D23)
A24: 결재 흐름 설정 (HR) | B24: =COUNTIFS('문제 보고'!C2:C51,A24,'문제 보고'!F2:F51,"심각 — 업무 진행 불가") | C24: =COUNTIFS('문제 보고'!C2:C51,A24,'문제 보고'!F2:F51,"중요 — 우회 가능") | D24: =COUNTIFS('문제 보고'!C2:C51,A24,'문제 보고'!F2:F51,"경미 — 사소한 표시 오류") | E24: =SUM(B24:D24)
A25: 채용 관리 (HR) | B25: =COUNTIFS('문제 보고'!C2:C51,A25,'문제 보고'!F2:F51,"심각 — 업무 진행 불가") | C25: =COUNTIFS('문제 보고'!C2:C51,A25,'문제 보고'!F2:F51,"중요 — 우회 가능") | D25: =COUNTIFS('문제 보고'!C2:C51,A25,'문제 보고'!F2:F51,"경미 — 사소한 표시 오류") | E25: =SUM(B25:D25)
A26: 평가 관리 (HR) | B26: =COUNTIFS('문제 보고'!C2:C51,A26,'문제 보고'!F2:F51,"심각 — 업무 진행 불가") | C26: =COUNTIFS('문제 보고'!C2:C51,A26,'문제 보고'!F2:F51,"중요 — 우회 가능") | D26: =COUNTIFS('문제 보고'!C2:C51,A26,'문제 보고'!F2:F51,"경미 — 사소한 표시 오류") | E26: =SUM(B26:D26)
A27: 보상 관리 (HR) | B27: =COUNTIFS('문제 보고'!C2:C51,A27,'문제 보고'!F2:F51,"심각 — 업무 진행 불가") | C27: =COUNTIFS('문제 보고'!C2:C51,A27,'문제 보고'!F2:F51,"중요 — 우회 가능") | D27: =COUNTIFS('문제 보고'!C2:C51,A27,'문제 보고'!F2:F51,"경미 — 사소한 표시 오류") | E27: =SUM(B27:D27)
A28: 온보딩·오프보딩 (HR) | B28: =COUNTIFS('문제 보고'!C2:C51,A28,'문제 보고'!F2:F51,"심각 — 업무 진행 불가") | C28: =COUNTIFS('문제 보고'!C2:C51,A28,'문제 보고'!F2:F51,"중요 — 우회 가능") | D28: =COUNTIFS('문제 보고'!C2:C51,A28,'문제 보고'!F2:F51,"경미 — 사소한 표시 오류") | E28: =SUM(B28:D28)
A29: 마스터데이터·설정 (HR) | B29: =COUNTIFS('문제 보고'!C2:C51,A29,'문제 보고'!F2:F51,"심각 — 업무 진행 불가") | C29: =COUNTIFS('문제 보고'!C2:C51,A29,'문제 보고'!F2:F51,"중요 — 우회 가능") | D29: =COUNTIFS('문제 보고'!C2:C51,A29,'문제 보고'!F2:F51,"경미 — 사소한 표시 오류") | E29: =SUM(B29:D29)
A30: 컴플라이언스 (HR) | B30: =COUNTIFS('문제 보고'!C2:C51,A30,'문제 보고'!F2:F51,"심각 — 업무 진행 불가") | C30: =COUNTIFS('문제 보고'!C2:C51,A30,'문제 보고'!F2:F51,"중요 — 우회 가능") | D30: =COUNTIFS('문제 보고'!C2:C51,A30,'문제 보고'!F2:F51,"경미 — 사소한 표시 오류") | E30: =SUM(B30:D30)
A31: 기타 | B31: =COUNTIFS('문제 보고'!C2:C51,A31,'문제 보고'!F2:F51,"심각 — 업무 진행 불가") | C31: =COUNTIFS('문제 보고'!C2:C51,A31,'문제 보고'!F2:F51,"중요 — 우회 가능") | D31: =COUNTIFS('문제 보고'!C2:C51,A31,'문제 보고'!F2:F51,"경미 — 사소한 표시 오류") | E31: =SUM(B31:D31)
A32: 합계 | B32: =SUM(B6:B31) | C32: =SUM(C6:C31) | D32: =SUM(D6:D31) | E32: =SUM(E6:E31)
A35: 2. 개선 제안 — 화면별 건수
A36: 화면 | B36: 높음 | C36: 중간 | D36: 낮음 | E36: 합계
A37: 홈 / 알림 | B37: =COUNTIFS('개선 제안'!C2:C51,A37,'개선 제안'!F2:F51,"높음 — 매일 활용 예상") | C37: =COUNTIFS('개선 제안'!C2:C51,A37,'개선 제안'!F2:F51,"중간 — 주 1~2회 활용") | D37: =COUNTIFS('개선 제안'!C2:C51,A37,'개선 제안'!F2:F51,"낮음 — 가끔 활용") | E37: =SUM(B37:D37)
A38: 나의 공간 (내 정보) | B38: =COUNTIFS('개선 제안'!C2:C51,A38,'개선 제안'!F2:F51,"높음 — 매일 활용 예상") | C38: =COUNTIFS('개선 제안'!C2:C51,A38,'개선 제안'!F2:F51,"중간 — 주 1~2회 활용") | D38: =COUNTIFS('개선 제안'!C2:C51,A38,'개선 제안'!F2:F51,"낮음 — 가끔 활용") | E38: =SUM(B38:D38)
A39: 휴가 신청·조회 | B39: =COUNTIFS('개선 제안'!C2:C51,A39,'개선 제안'!F2:F51,"높음 — 매일 활용 예상") | C39: =COUNTIFS('개선 제안'!C2:C51,A39,'개선 제안'!F2:F51,"중간 — 주 1~2회 활용") | D39: =COUNTIFS('개선 제안'!C2:C51,A39,'개선 제안'!F2:F51,"낮음 — 가끔 활용") | E39: =SUM(B39:D39)
A40: 휴직 신청·조회 | B40: =COUNTIFS('개선 제안'!C2:C51,A40,'개선 제안'!F2:F51,"높음 — 매일 활용 예상") | C40: =COUNTIFS('개선 제안'!C2:C51,A40,'개선 제안'!F2:F51,"중간 — 주 1~2회 활용") | D40: =COUNTIFS('개선 제안'!C2:C51,A40,'개선 제안'!F2:F51,"낮음 — 가끔 활용") | E40: =SUM(B40:D40)
A41: 출퇴근 | B41: =COUNTIFS('개선 제안'!C2:C51,A41,'개선 제안'!F2:F51,"높음 — 매일 활용 예상") | C41: =COUNTIFS('개선 제안'!C2:C51,A41,'개선 제안'!F2:F51,"중간 — 주 1~2회 활용") | D41: =COUNTIFS('개선 제안'!C2:C51,A41,'개선 제안'!F2:F51,"낮음 — 가끔 활용") | E41: =SUM(B41:D41)
A42: 결재함 (받은 결재) | B42: =COUNTIFS('개선 제안'!C2:C51,A42,'개선 제안'!F2:F51,"높음 — 매일 활용 예상") | C42: =COUNTIFS('개선 제안'!C2:C51,A42,'개선 제안'!F2:F51,"중간 — 주 1~2회 활용") | D42: =COUNTIFS('개선 제안'!C2:C51,A42,'개선 제안'!F2:F51,"낮음 — 가끔 활용") | E42: =SUM(B42:D42)
A43: 내 결재 신청 내역 | B43: =COUNTIFS('개선 제안'!C2:C51,A43,'개선 제안'!F2:F51,"높음 — 매일 활용 예상") | C43: =COUNTIFS('개선 제안'!C2:C51,A43,'개선 제안'!F2:F51,"중간 — 주 1~2회 활용") | D43: =COUNTIFS('개선 제안'!C2:C51,A43,'개선 제안'!F2:F51,"낮음 — 가끔 활용") | E43: =SUM(B43:D43)
A44: 급여명세서 | B44: =COUNTIFS('개선 제안'!C2:C51,A44,'개선 제안'!F2:F51,"높음 — 매일 활용 예상") | C44: =COUNTIFS('개선 제안'!C2:C51,A44,'개선 제안'!F2:F51,"중간 — 주 1~2회 활용") | D44: =COUNTIFS('개선 제안'!C2:C51,A44,'개선 제안'!F2:F51,"낮음 — 가끔 활용") | E44: =SUM(B44:D44)
A45: 연말 정산 | B45: =COUNTIFS('개선 제안'!C2:C51,A45,'개선 제안'!F2:F51,"높음 — 매일 활용 예상") | C45: =COUNTIFS('개선 제안'!C2:C51,A45,'개선 제안'!F2:F51,"중간 — 주 1~2회 활용") | D45: =COUNTIFS('개선 제안'!C2:C51,A45,'개선 제안'!F2:F51,"낮음 — 가끔 활용") | E45: =SUM(B45:D45)
A46: 내 목표·평가 | B46: =COUNTIFS('개선 제안'!C2:C51,A46,'개선 제안'!F2:F51,"높음 — 매일 활용 예상") | C46: =COUNTIFS('개선 제안'!C2:C51,A46,'개선 제안'!F2:F51,"중간 — 주 1~2회 활용") | D46: =COUNTIFS('개선 제안'!C2:C51,A46,'개선 제안'!F2:F51,"낮음 — 가끔 활용") | E46: =SUM(B46:D46)
A47: 분기 리뷰 | B47: =COUNTIFS('개선 제안'!C2:C51,A47,'개선 제안'!F2:F51,"높음 — 매일 활용 예상") | C47: =COUNTIFS('개선 제안'!C2:C51,A47,'개선 제안'!F2:F51,"중간 — 주 1~2회 활용") | D47: =COUNTIFS('개선 제안'!C2:C51,A47,'개선 제안'!F2:F51,"낮음 — 가끔 활용") | E47: =SUM(B47:D47)
A48: 인정·칭찬 | B48: =COUNTIFS('개선 제안'!C2:C51,A48,'개선 제안'!F2:F51,"높음 — 매일 활용 예상") | C48: =COUNTIFS('개선 제안'!C2:C51,A48,'개선 제안'!F2:F51,"중간 — 주 1~2회 활용") | D48: =COUNTIFS('개선 제안'!C2:C51,A48,'개선 제안'!F2:F51,"낮음 — 가끔 활용") | E48: =SUM(B48:D48)
A49: 리포트·통계 | B49: =COUNTIFS('개선 제안'!C2:C51,A49,'개선 제안'!F2:F51,"높음 — 매일 활용 예상") | C49: =COUNTIFS('개선 제안'!C2:C51,A49,'개선 제안'!F2:F51,"중간 — 주 1~2회 활용") | D49: =COUNTIFS('개선 제안'!C2:C51,A49,'개선 제안'!F2:F51,"낮음 — 가끔 활용") | E49: =SUM(B49:D49)
A50: 직원 관리 (HR) | B50: =COUNTIFS('개선 제안'!C2:C51,A50,'개선 제안'!F2:F51,"높음 — 매일 활용 예상") | C50: =COUNTIFS('개선 제안'!C2:C51,A50,'개선 제안'!F2:F51,"중간 — 주 1~2회 활용") | D50: =COUNTIFS('개선 제안'!C2:C51,A50,'개선 제안'!F2:F51,"낮음 — 가끔 활용") | E50: =SUM(B50:D50)
A51: 조직도·부서 관리 (HR) | B51: =COUNTIFS('개선 제안'!C2:C51,A51,'개선 제안'!F2:F51,"높음 — 매일 활용 예상") | C51: =COUNTIFS('개선 제안'!C2:C51,A51,'개선 제안'!F2:F51,"중간 — 주 1~2회 활용") | D51: =COUNTIFS('개선 제안'!C2:C51,A51,'개선 제안'!F2:F51,"낮음 — 가끔 활용") | E51: =SUM(B51:D51)
A52: 근태 관리 (HR) | B52: =COUNTIFS('개선 제안'!C2:C51,A52,'개선 제안'!F2:F51,"높음 — 매일 활용 예상") | C52: =COUNTIFS('개선 제안'!C2:C51,A52,'개선 제안'!F2:F51,"중간 — 주 1~2회 활용") | D52: =COUNTIFS('개선 제안'!C2:C51,A52,'개선 제안'!F2:F51,"낮음 — 가끔 활용") | E52: =SUM(B52:D52)
A53: 휴가 관리 (HR) | B53: =COUNTIFS('개선 제안'!C2:C51,A53,'개선 제안'!F2:F51,"높음 — 매일 활용 예상") | C53: =COUNTIFS('개선 제안'!C2:C51,A53,'개선 제안'!F2:F51,"중간 — 주 1~2회 활용") | D53: =COUNTIFS('개선 제안'!C2:C51,A53,'개선 제안'!F2:F51,"낮음 — 가끔 활용") | E53: =SUM(B53:D53)
A54: 급여 관리 (HR) | B54: =COUNTIFS('개선 제안'!C2:C51,A54,'개선 제안'!F2:F51,"높음 — 매일 활용 예상") | C54: =COUNTIFS('개선 제안'!C2:C51,A54,'개선 제안'!F2:F51,"중간 — 주 1~2회 활용") | D54: =COUNTIFS('개선 제안'!C2:C51,A54,'개선 제안'!F2:F51,"낮음 — 가끔 활용") | E54: =SUM(B54:D54)
A55: 결재 흐름 설정 (HR) | B55: =COUNTIFS('개선 제안'!C2:C51,A55,'개선 제안'!F2:F51,"높음 — 매일 활용 예상") | C55: =COUNTIFS('개선 제안'!C2:C51,A55,'개선 제안'!F2:F51,"중간 — 주 1~2회 활용") | D55: =COUNTIFS('개선 제안'!C2:C51,A55,'개선 제안'!F2:F51,"낮음 — 가끔 활용") | E55: =SUM(B55:D55)
A56: 채용 관리 (HR) | B56: =COUNTIFS('개선 제안'!C2:C51,A56,'개선 제안'!F2:F51,"높음 — 매일 활용 예상") | C56: =COUNTIFS('개선 제안'!C2:C51,A56,'개선 제안'!F2:F51,"중간 — 주 1~2회 활용") | D56: =COUNTIFS('개선 제안'!C2:C51,A56,'개선 제안'!F2:F51,"낮음 — 가끔 활용") | E56: =SUM(B56:D56)
A57: 평가 관리 (HR) | B57: =COUNTIFS('개선 제안'!C2:C51,A57,'개선 제안'!F2:F51,"높음 — 매일 활용 예상") | C57: =COUNTIFS('개선 제안'!C2:C51,A57,'개선 제안'!F2:F51,"중간 — 주 1~2회 활용") | D57: =COUNTIFS('개선 제안'!C2:C51,A57,'개선 제안'!F2:F51,"낮음 — 가끔 활용") | E57: =SUM(B57:D57)
A58: 보상 관리 (HR) | B58: =COUNTIFS('개선 제안'!C2:C51,A58,'개선 제안'!F2:F51,"높음 — 매일 활용 예상") | C58: =COUNTIFS('개선 제안'!C2:C51,A58,'개선 제안'!F2:F51,"중간 — 주 1~2회 활용") | D58: =COUNTIFS('개선 제안'!C2:C51,A58,'개선 제안'!F2:F51,"낮음 — 가끔 활용") | E58: =SUM(B58:D58)
A59: 온보딩·오프보딩 (HR) | B59: =COUNTIFS('개선 제안'!C2:C51,A59,'개선 제안'!F2:F51,"높음 — 매일 활용 예상") | C59: =COUNTIFS('개선 제안'!C2:C51,A59,'개선 제안'!F2:F51,"중간 — 주 1~2회 활용") | D59: =COUNTIFS('개선 제안'!C2:C51,A59,'개선 제안'!F2:F51,"낮음 — 가끔 활용") | E59: =SUM(B59:D59)
A60: 마스터데이터·설정 (HR) | B60: =COUNTIFS('개선 제안'!C2:C51,A60,'개선 제안'!F2:F51,"높음 — 매일 활용 예상") | C60: =COUNTIFS('개선 제안'!C2:C51,A60,'개선 제안'!F2:F51,"중간 — 주 1~2회 활용") | D60: =COUNTIFS('개선 제안'!C2:C51,A60,'개선 제안'!F2:F51,"낮음 — 가끔 활용") | E60: =SUM(B60:D60)
A61: 컴플라이언스 (HR) | B61: =COUNTIFS('개선 제안'!C2:C51,A61,'개선 제안'!F2:F51,"높음 — 매일 활용 예상") | C61: =COUNTIFS('개선 제안'!C2:C51,A61,'개선 제안'!F2:F51,"중간 — 주 1~2회 활용") | D61: =COUNTIFS('개선 제안'!C2:C51,A61,'개선 제안'!F2:F51,"낮음 — 가끔 활용") | E61: =SUM(B61:D61)
A62: 기타 | B62: =COUNTIFS('개선 제안'!C2:C51,A62,'개선 제안'!F2:F51,"높음 — 매일 활용 예상") | C62: =COUNTIFS('개선 제안'!C2:C51,A62,'개선 제안'!F2:F51,"중간 — 주 1~2회 활용") | D62: =COUNTIFS('개선 제안'!C2:C51,A62,'개선 제안'!F2:F51,"낮음 — 가끔 활용") | E62: =SUM(B62:D62)
A63: 합계 | B63: =SUM(B37:B62) | C63: =SUM(C37:C62) | D63: =SUM(D37:D62) | E63: =SUM(E37:E62)
A66: 3. 전체 요약
A67: 전체 문제 보고 건수 | B67: =COUNTA('문제 보고'!A2:A51)
A68: 심각 | B68: =COUNTIF('문제 보고'!F2:F51,"심각 — 업무 진행 불가")
A69: 중요 | B69: =COUNTIF('문제 보고'!F2:F51,"중요 — 우회 가능")
A70: 경미 | B70: =COUNTIF('문제 보고'!F2:F51,"경미 — 사소한 표시 오류")
A71: 전체 개선 제안 건수 | B71: =COUNTA('개선 제안'!A2:A51)
A72: 높음 | B72: =COUNTIF('개선 제안'!F2:F51,"높음 — 매일 활용 예상")
A73: 중간 | B73: =COUNTIF('개선 제안'!F2:F51,"중간 — 주 1~2회 활용")
A74: 낮음 | B74: =COUNTIF('개선 제안'!F2:F51,"낮음 — 가끔 활용")
A75: 참여 작성자 수 (문제 보고 기준) | B75: =SUMPRODUCT((COUNTIF('문제 보고'!A2:A51,'문제 보고'!A2:A51)<>0)/COUNTIF('문제 보고'!A2:A51,'문제 보고'!A2:A51&""))
A78: 4. 관리자 매핑 가이드
A79: 본 폼은 사무직 작성자가 자유롭게 입력하는 1차 수집 채널입니다. UAT 관리자는 다음을 수행합니다. 1) 신규 입력 검토 (일 1회 권장) 2) 개발자용 UAT_피드백_결과_v2.xlsx 피드백 로그에 FB-XXX 이슈로 이관: - 화면 → 정확한 시스템 모듈 매핑 - 심각/중요/경미 → Critical/Major/Minor 매핑 (필요 시 격상·격하) - 우선순위 → 개선(enhancement) 항목으로 분류 3) 중복 건은 본 폼의 비고에 "FB-XXX 동일" 표기 후 통합 4) 매주 통계는 본 시트 자동 집계 + 개발자 v2의 모듈별·심각도별 집계 시트를 함께 활용
