Workbook

Sheet 사용법
A1: CTR HR Hub UAT 테스트북 v2 사용법
A3: 1. 문서 구성
A4: 이 테스트북은 두 가지 포맷으로 구성되어 있습니다.
A5: - 시나리오 (파란 탭): 단계별 비즈니스 플로우를 따라가며 검증합니다. 한 시나리오 안에서 여러 역할이 참여합니다.
A6: - 체크리스트 (초록 탭): 기능 단위로 빠르게 존재 여부와 동작을 확인합니다.
A7: - 신규 기능은 노란색 배경으로 강조됩니다.
A9: 2. 시나리오 시트 컬럼 설명
A10: A. Step# — 순서 번호
A11: B. 비즈니스 목적 — 이 단계가 왜 중요한지 (비즈니스 관점)
A12: C. 테스터 역할 — 어떤 계정으로 로그인해야 하는지
A13: D. 전제조건 — 이 단계 실행 전에 완료되어야 할 것
A14: E. 테스트 데이터 — 입력할 구체적인 데이터
... A61: - 집계 시트에서 전체 진행률을 확인할 수 있습니다 (COUNTIFS 수식 자동 집계).

Sheet 인사관리
A1: Step# | B1: 비즈니스 목적 | C1: 테스터 역할 | D1: 전제조건 | E1: 테스트 데이터 | F1: 수행 액션 | G1: 기대되는 비즈니스 결과 | H1: 실제 결과 | I1: Pass/Fail/Block | J1: 이슈ID | K1: 비고
A2: 1 | B2: 직원 목록 조회 | C2: HR_ADMIN (hr@ctr.co.kr) | D2: 로그인 완료 | F2: 좌측 메뉴 > 인사관리 > 직원 관리 클릭 | G2: 직원 목록 페이지가 로드되고 CTR 법인 소속 직원이 표시됨
A3: 2 | B3: 직원 목록 필터링 | C3: HR_ADMIN | D3: Step 1 완료 | E3: 부서: QA-TEAM-A | F3: 필터 영역에서 부서를 "QA-TEAM-A"로 선택 | G3: 해당 부서 소속 직원(박준혁/이민준/정다은)만 표시됨
A4: 3 | B4: 직원 검색 (이름) | C4: HR_ADMIN | D4: Step 1 완료 | E4: 검색어: 이민준 | F4: 검색창에 "이민준" 입력 | G4: 이민준 직원이 검색 결과에 표시됨
A5: 4 | B5: 직원 검색 (사번) | C5: HR_ADMIN | D5: Step 1 완료 | E5: 검색어: EDGE-001 | F5: 검색창에 "EDGE-001" 입력 | G5: 김수습(EDGE-001) 직원이 검색 결과에 표시됨
A6: 5 | B6: 신규 직원 등록 시작 | C6: HR_ADMIN | D6: Step 1 완료 | F6: 직원 목록 페이지에서 "신규 등록" 버튼 클릭 | G6: 신규 직원 등록 폼이 표시됨
A7: 6 | B7: 신규 직원 정보 입력 | C7: HR_ADMIN | D7: Step 5 완료 | E7: 이름: 테스트직원, 부서: QA-TEAM-A, 직급: L1, 입사일: 2026-05-15 | F7: 필수 필드(이름, 부서, 직급, 입사일, 고용형태) 입력 후 저장 | G7: 직원이 성공적으로 등록되고 상세 페이지로 이동
A8: 7 | B8: 등록된 직원 상세 조회 | C8: HR_ADMIN | D8: Step 6 완료 | F8: 등록된 직원 상세 페이지에서 기본정보 탭 확인 | G8: 입력한 이름, 부서, 직급, 입사일이 정확히 표시됨
A9: 8 | B9: 직원 정보 수정 | C9: HR_ADMIN | D9: Step 7 완료 | E9: 변경할 연락처: 010-9999-0000 | F9: 수정 버튼 클릭 > 연락처 변경 > 저장 | G9: 연락처가 변경된 값으로 표시됨
A10: 9 | B10: 인사 이력 확인 | C10: HR_ADMIN | D10: Step 7 완료 | F10: 직원 상세 > 발령 이력 탭 클릭 | G10: 해당 직원의 발령/이동 이력이 시간순으로 표시됨
A11: 10 | B11: 조직도 조회 | C11: HR_ADMIN | D11: 로그인 완료 | F11: 좌측 메뉴 > 인사관리 > 조직 관리 클릭 | G11: 조직도가 트리 구조로 표시되고 보고 라인이 정확함
A12: 11 | B12: 디렉토리 조회 | C12: HR_ADMIN | D12: 로그인 완료 | F12: 좌측 메뉴 > 디렉토리 클릭 | G12: 전체 직원 디렉토리가 카드/리스트 형태로 표시됨
A13: 12 | B13: 근로계약서 확인 | C13: HR_ADMIN | D13: Step 7 완료 | F13: 직원 상세 > 계약 탭 클릭 | G13: 근로계약서 정보가 표시됨 (계약 유형, 기간 등)
A14: 13 | B14: 수습 직원 조회 | C14: HR_ADMIN | D14: EDGE-001 시드 데이터 존재 | E14: 김수습 (EDGE-001) | F14: 직원 목록에서 수습 상태 필터 적용 | G14: 김수습이 수습 배지와 함께 표시되고 수습 만료일(2026-06-01)이 확인됨
A15: 14 | B15: 수습 만료 직원 경고 | C15: HR_ADMIN | D15: EDGE-002 시드 데이터 존재 | E15: 박만료 (EDGE-002) | F15: 직원 목록에서 박만료 검색 | G15: 수습 기간 만료 경고가 표시됨 (만료일 2026-01-01 이미 지남)
A16: 15 | B16: 계약직 만료 예정자 확인 | C16: HR_ADMIN | D16: EDGE-003 시드 데이터 존재 | E16: 이계약 (EDGE-003) | F16: 직원 목록 또는 대시보드에서 계약 만료 예정자 확인 | G16: 이계약의 계약 만료 임박(D-30) 알림 또는 배지가 표시됨
A17: 16 | B17: 계약 만료 직원 상태 | C17: HR_ADMIN | D17: EDGE-004 시드 데이터 존재 | E17: 최만기 (EDGE-004) | F17: 직원 목록에서 최만기 검색 | G17: 계약 만료 상태가 명확히 표시됨
A18: 17 | B18: 휴직자 목록 확인 | C18: HR_ADMIN | D18: EDGE-005 시드 데이터 존재 | E18: 정육아 (EDGE-005) | F18: 직원 목록에서 휴직 상태 필터 또는 휴가/휴직 관리 메뉴 | G18: 정육아가 육아휴직 상태로 표시되고 출퇴근/급여 대상에서 제외됨
A19: 18 | B19: 퇴사 처리 시작 | C19: HR_ADMIN | D19: Step 7에서 등록한 직원 존재 | E19: 퇴사일: 2026-05-31, 사유: 자발적 퇴사 | F19: 직원 상세 > 오프보딩 시작 > 퇴사일과 사유 입력 | G19: 오프보딩 프로세스가 시작되고 상태가 "퇴사 예정"으로 변경됨
A20: 19 | B20: 퇴직 완료 직원 확인 | C20: HR_ADMIN | D20: EDGE-008 시드 데이터 존재 | E20: 유퇴직 (EDGE-008) | F20: 직원 목록에서 유퇴직 검색 (퇴사자 포함 필터) | G20: 유퇴직이 "퇴직" 상태로 표시되고 활성 직원 목록에서는 제외됨
A21: 20 | B21: EMPLOYEE 내 프로필 확인 | C21: EMPLOYEE (employee-a@ctr.co.kr) | D21: 로그인 완료 | F21: 좌측 메뉴 > 나의 공간 > 내 프로필 클릭 | G21: 이민준의 프로필 정보(이름, 부서, 직급, 입사일)가 정확히 표시됨
A22: 21 | B22: EMPLOYEE 타인 정보 접근 차단 | C22: EMPLOYEE (employee-a@ctr.co.kr) | D22: Step 20 완료 | E22: URL: /employees/[다른직원ID] | F22: 브라우저 주소창에 다른 직원의 상세 페이지 URL 직접 입력 | G22: 403 접근 거부 또는 권한 없음 메시지가 표시됨
A23: 22 | B23: MANAGER 팀원 목록 확인 | C23: MANAGER (manager@ctr.co.kr) | D23: 로그인 완료 | F23: 좌측 메뉴 > 팀 관리 > 팀 현황 클릭 | G23: 박준혁 매니저의 직속 팀원(이민준, 정다은)만 표시됨
A24: 23 | B24: 부서 이동 발령 | C24: HR_ADMIN | D24: Step 7 완료 | E24: 이동 대상: 테스트직원, 새 부서: QA-TEAM-B | F24: 직원 상세 > 발령 처리 > 부서 이동 선택 > 새 부서 지정 > 확인 | G24: 발령 이력에 부서 이동이 기록되고 직원의 소속 부서가 변경됨
A25: 24 | B25: 직급 변경 | C25: HR_ADMIN | D25: Step 23 완료 | E25: 새 직급: L2 | F25: 직원 상세 > 발령 처리 > 직급 변경 선택 > L2 지정 > 확인 | G25: 발령 이력에 직급 변경이 기록되고 직원의 직급이 L2로 변경됨
A26: 25 | B26: 겸직자 조회 | C26: HR_ADMIN | D26: EDGE-009 시드 데이터 존재 | E26: 강겸직 (EDGE-009) | F26: 직원 목록에서 강겸직 검색 | G26: 강겸직의 복수 법인 발령 정보가 모두 표시됨
A27: 26 | B27: 다직위자 조회 | C27: HR_ADMIN | D27: EDGE-010 시드 데이터 존재 | E27: 임다직 (EDGE-010) | F27: 직원 목록에서 임다직 검색 > 상세 페이지 진입 | G27: 임다직의 3개 직위가 모두 표시됨
A28: 27 | B28: 매니저 없는 직원 확인 | C28: HR_ADMIN | D28: EDGE-011 시드 데이터 존재 | E28: 윤대표 (EDGE-011) | F28: 직원 상세에서 윤대표의 보고 라인 확인 | G28: 상위 보고자가 없음(최상위)으로 표시되며 오류 없이 동작
A29: 28 | B29: 부서 미배정 직원 | C29: HR_ADMIN | D29: EDGE-012 시드 데이터 존재 | E29: 신입사 (EDGE-012) | F29: 직원 목록에서 신입사 검색 | G29: 부서 미배정 상태가 표시되며 오류 없이 목록에 나타남
A30: 29 | B30: 법인 간 전적 직원 | C30: HR_ADMIN | D30: EDGE-013 시드 데이터 존재 | E30: 배전적 (EDGE-013) | F30: 직원 상세에서 배전적의 이력 확인 | G30: 법인 전적(CTR→CTR-CN) 이력이 발령 이력에 기록됨
A31: 30 | B31: 일괄 발령 처리 (Bulk HR Movements) | C31: HR_ADMIN | D31: Step 1 완료 | E31: 대상: 복수 직원, 발령 유형: 부서 이동 | F31: 인사관리 > 일괄 발령 메뉴 진입 > 대상 직원 선택 > CSV 업로드 또는 수동 선택 > 발령 유형 지정 > 3단계 마법사 | G31: 선택한 직원들에 대해 일괄 발령이 처리되고 이력에 기록됨 (All-or-Nothing)

Sheet 출퇴근
A1: Step# | B1: 비즈니스 목적 | C1: 테스터 역할 | D1: 전제조건 | E1: 테스트 데이터 | F1: 수행 액션 | G1: 기대되는 비즈니스 결과 | H1: 실제 결과 | I1: Pass/Fail/Block | J1: 이슈ID | K1: 비고
A2: 1 | B2: 출근 기록 | C2: EMPLOYEE (employee-a@ctr.co.kr) | D2: 로그인 완료, 근무일 | F2: 좌측 메뉴 > 나의 공간 > 출퇴근 > 출근 버튼 클릭 | G2: 출근 시각이 현재 시간으로 기록되고 상태가 "근무 중"으로 변경됨
A3: 2 | B3: 퇴근 기록 | C3: EMPLOYEE (employee-a@ctr.co.kr) | D3: Step 1 완료 (출근 상태) | F3: 나의 출퇴근 페이지에서 퇴근 버튼 클릭 | G3: 퇴근 시각이 기록되고 근무시간이 자동 계산됨
A4: 3 | B4: 출퇴근 기록 조회 | C4: EMPLOYEE (employee-a@ctr.co.kr) | D4: Step 2 완료 | F4: 나의 출퇴근 페이지에서 이번 주 기록 확인 | G4: 금일 출근/퇴근 시각과 근무시간이 정확히 표시됨
A5: 4 | B5: MANAGER 팀 출퇴근 현황 | C5: MANAGER (manager@ctr.co.kr) | D5: 팀원 출퇴근 기록 존재 | F5: 좌측 메뉴 > 팀 관리 > 팀 근태/휴가 클릭 | G5: 박준혁 매니저의 팀원(이민준, 정다은)의 출퇴근 현황이 표시됨
A6: 5 | B6: HR_ADMIN 출퇴근 관리 | C6: HR_ADMIN (hr@ctr.co.kr) | D6: 로그인 완료 | F6: 좌측 메뉴 > 인사관리 > 근태 관리 클릭 | G6: 전체 직원의 출퇴근 현황이 관리자 뷰로 표시됨
A7: 6 | B7: 이상 출퇴근 감지 — 지각 | C7: HR_ADMIN | D7: EDGE-023 시드 데이터 존재 | E7: 지각왕 (EDGE-023) | F7: 출퇴근 관리에서 이상 항목 필터 적용 | G7: 지각왕의 빈번한 지각 기록이 이상 항목으로 감지됨
A8: 7 | B8: 이상 출퇴근 감지 — 결근 | C8: HR_ADMIN | D8: Step 5 완료 | F8: 출퇴근 관리에서 결근 필터 적용 | G8: 미출근 직원이 결근으로 표시됨
A9: 8 | B9: 수동 출퇴근 조정 | C9: HR_ADMIN | D9: Step 5 완료 | E9: 대상: 이민준, 조정 사유: 외근 | F9: 출퇴근 관리에서 특정 직원의 기록 선택 > 수정 > 사유 입력 > 저장 | G9: 수정된 출퇴근 기록이 반영되고 조정 이력이 기록됨
A10: 9 | B10: 교대근무 로스터 조회 | C10: HR_ADMIN | D10: 교대근무 설정 존재 | F10: 근태 관리 > 교대근무 로스터 메뉴 클릭 | G10: 직원별 교대 배정이 표 형태로 표시됨 + 3교대 패턴 확인
A11: 10 | B11: 팀 마감 처리 | C11: MANAGER (manager@ctr.co.kr) | D11: 월말 | F11: 팀 근태/휴가 > 마감 처리 버튼 클릭 | G11: 해당 기간의 팀 출퇴근이 마감되고 상태가 "마감완료"로 변경됨
A12: 11 | B12: 52시간 모니터링 | C12: HR_ADMIN | D12: EDGE-024 시드 데이터 존재 | E12: 과로자 (EDGE-024) | F12: 근태 관리 또는 대시보드에서 주 52시간 현황 확인 | G12: 과로자의 주간 근무시간이 52시간 경고와 함께 표시됨
A13: 12 | B13: 출퇴근 수정 요청 | C13: EMPLOYEE (employee-a@ctr.co.kr) | D13: 출퇴근 수정 필요 상황 | E13: 수정 사유: 기기 오류로 미퇴근 기록 | F13: 나의 출퇴근 > 수정 요청 > 사유 입력 > 제출 | G13: 출퇴근 수정 요청이 결재함으로 전송됨
A14: 13 | B14: 출퇴근 수정 결재 처리 | C14: MANAGER (manager@ctr.co.kr) | D14: Step 12 완료 | F14: 결재 > 결재함 > 출퇴근 수정 요청 확인 > 승인 | G14: 출퇴근 수정이 승인되고 기록이 반영됨
A15: 14 | B15: 초과근무 기록 확인 | C15: EMPLOYEE (employee-a@ctr.co.kr) | D15: 초과근무 기록 존재 | F15: 나의 출퇴근에서 초과근무 탭 또는 영역 확인 | G15: 초과근무 시간이 별도로 집계되어 표시됨
A16: 15 | B16: 월간 출퇴근 리포트 | C16: HR_ADMIN | D16: 한 달 이상의 출퇴근 데이터 존재 | F16: 근태 관리 > 리포트/통계 영역 확인 | G16: 월간 출퇴근 통계(총 근무일, 지각/결근 건수 등)가 표시됨
A17: 16 | B17: 휴직자 출퇴근 제외 확인 | C17: HR_ADMIN | D17: EDGE-005 시드 데이터 존재 | E17: 정육아 (EDGE-005) | F17: 근태 관리에서 정육아 검색 | G17: 정육아(육아휴직)가 출퇴근 대상에서 제외되어 있음
A18: 17 | B18: 퇴사 예정자 출퇴근 | C18: HR_ADMIN | D18: EDGE-007 시드 데이터 존재 | E18: 오퇴사 (EDGE-007) | F18: 근태 관리에서 오퇴사 확인 | G18: 오퇴사는 퇴사일까지 출퇴근 대상에 포함됨
A19: 18 | B19: GPS 펀치 (모바일) | C19: EMPLOYEE (employee-a@ctr.co.kr) | D19: 모바일 환경 | E19: 위치: 회사 주소 | F19: 모바일에서 출퇴근 화면 진입 > GPS 출근 버튼 탭 | G19: GPS 위치가 허용 반경 내일 때 출근이 정상 기록됨 (반경 외는 거부)
A20: 19 | B20: 연장/야간/휴일 근무 구분 | C20: HR_ADMIN | D20: 초과근무 데이터 존재 | F20: 근태 관리에서 초과근무 유형별 조회 | G20: 연장근무, 야간근무, 휴일근무가 구분되어 집계됨
A21: 20 | B21: 근태 이상 일괄 처리 | C21: HR_ADMIN | D21: 복수 이상 출퇴근 건 존재 | F21: 근태 관리 > 이상 항목 > 일괄 처리 | G21: 선택한 이상 항목들이 일괄로 처리됨
A22: 21 | B22: 터미널/GPS 관리 | C22: HR_ADMIN | D22: 로그인 완료 | F22: 설정 > 출퇴근 > 터미널 관리 확인 | G22: 출퇴근 단말기/GPS 설정 화면이 표시됨
A23: 22 | B23: 출퇴근 데이터 가져오기 | C23: HR_ADMIN | D23: 로그인 완료 | F23: 근태 관리 > 데이터 가져오기 메뉴 확인 | G23: 외부 출퇴근 데이터 임포트 기능이 제공됨

Sheet 휴가관리
A1: Step# | B1: 비즈니스 목적 | C1: 테스터 역할 | D1: 전제조건 | E1: 테스트 데이터 | F1: 수행 액션 | G1: 기대되는 비즈니스 결과 | H1: 실제 결과 | I1: Pass/Fail/Block | J1: 이슈ID | K1: 비고
A2: 1 | B2: 연차 잔액 확인 | C2: EMPLOYEE (employee-a@ctr.co.kr) | D2: 로그인 완료 | E2: 예상 잔액: 15일 | F2: 좌측 메뉴 > 나의 공간 > 휴가 신청 클릭 | G2: 이민준의 연차 잔액이 15일로 표시됨 (총/사용/잔여)
A3: 2 | B3: 연차 신청 | C3: EMPLOYEE (employee-a@ctr.co.kr) | D3: Step 1 완료 | E3: 신청일: 2026-05-20~21 (2일), 사유: 개인 사유 | F3: 내 휴가 > 휴가 신청 > 카테고리 "연차" 선택 > 날짜 선택 > 사유 입력 > 제출 | G3: 휴가 신청이 접수되고 상태가 "승인 대기"로 표시됨
A4: 3 | B4: 신청 후 잔액 잠정 차감 | C4: EMPLOYEE (employee-a@ctr.co.kr) | D4: Step 2 완료 | F4: 내 휴가 페이지에서 잔액 재확인 | G4: 가용 일수가 13일(승인 대기 포함하여 잠정 차감)로 표시됨
A5: 4 | B5: MANAGER 결재함 휴가 확인 | C5: MANAGER (manager@ctr.co.kr) | D5: Step 2 완료 | F5: 좌측 메뉴 > 결재 > 결재함 클릭 | G5: 이민준의 연차 신청이 대기 건으로 표시됨
A6: 5 | B6: 휴가 승인 | C6: MANAGER (manager@ctr.co.kr) | D6: Step 4 완료 | F6: 결재함에서 이민준의 연차 신청 선택 > 승인 버튼 클릭 | G6: 승인 완료되고 상태가 "승인"으로 변경됨
A7: 6 | B7: 승인 후 직원 잔액 확정 | C7: EMPLOYEE (employee-a@ctr.co.kr) | D7: Step 5 완료 | F7: 내 휴가 페이지에서 잔액 재확인 | G7: 잔여 연차가 13일로 확정 표시됨 (승인 완료)
A8: 7 | B8: 반차 신청 (0.5일) | C8: EMPLOYEE (employee-a@ctr.co.kr) | D8: Step 6 완료 | E8: 신청일: 2026-05-22 오전 반차 | F8: 내 휴가 > 휴가 신청 > 반차(오전) 선택 > 제출 | G8: 반차 0.5일이 신청되고 잔액이 12.5일로 표시됨 (해당 휴가 유형이 반차 허용 시)
A9: 8 | B9: 병가 신청 (증빙 첨부) | C9: EMPLOYEE (employee-a@ctr.co.kr) | D9: Step 6 완료 | E9: 병가 1일, 진단서 PDF 첨부 | F9: 내 휴가 > 휴가 신청 > 카테고리 "건강" > 병가 선택 > 증빙 첨부 > 제출 | G9: 병가가 신청되고 연차 잔액과는 별도로 처리됨 (증빙 필수 정책 적용)
A10: 9 | B10: 휴가 반려 + 사유 | C10: MANAGER (manager@ctr.co.kr) | D10: 직원 휴가 신청 대기 건 존재 | E10: 반려 사유: 업무 일정 충돌 | F10: 결재함 > 휴가 신청 선택 > 반려 > 사유 입력 > 확인 | G10: 반려 처리되고 직원에게 반려 사유가 전달됨
A11: 10 | B11: 반려 후 직원 확인 | C11: EMPLOYEE (employee-a@ctr.co.kr) | D11: Step 9 완료 | F11: 내 휴가에서 반려된 신청 확인 | G11: 반려된 신청이 "반려" 상태로 표시되고 사유가 확인 가능 + 잔액 복구
A12: 11 | B12: HR_ADMIN 휴가 관리 | C12: HR_ADMIN (hr@ctr.co.kr) | D12: 로그인 완료 | F12: 좌측 메뉴 > 인사관리 > 휴가/휴직 관리 클릭 | G12: 전체 직원의 휴가 현황이 관리자 뷰로 표시됨 (6 카테고리 그룹핑)
A13: 12 | B13: 팀별 휴가 현황 조회 | C13: MANAGER (manager@ctr.co.kr) | D13: 로그인 완료 | F13: 팀 관리 > 팀 근태/휴가 클릭 | G13: 박준혁 팀의 휴가 현황(캘린더 또는 리스트)이 표시됨
A14: 13 | B14: 연차촉진 수동 통보 점검 (cron 미동작) | C14: HR_ADMIN | D14: 로그인 완료 | F14: 휴가 관리 > 사용촉진 로그 탭 확인 — 자동 발송 X, 인사담당자 수동 처리 필요 | G14: 사용촉진 통보 로그가 표시되지만 자동 발송은 미구현(매뉴얼 §9 #10 알려진 제약). 인사담당자가 수동으로 통보·이력 기록함을 확인
A15: 14 | B15: 지정연차 등록 + 자동 차감 | C15: HR_ADMIN | D15: 로그인 완료 | E15: 지정일: 2026-08-12 (여름 집단휴가), 대상: 전체 | F15: 설정 > 휴가 > 지정연차 관리 > 신규 등록 > 날짜 + 대상 선택 > 저장 | G15: 지정연차가 등록되고 모든 직원의 가용 일수에서 1일이 자동 차감됨 (MyLeave KPI 반영)
A16: 15 | B16: 경조사 휴가 신청 (달력일 통산) | C16: EMPLOYEE (employee-a@ctr.co.kr) | D16: 로그인 완료 | E16: 본인결혼 5일, 시작일: 2026-06-15 (월) | F16: 내 휴가 > 휴가 신청 > 카테고리 "경조사" > 본인결혼 선택 > 시작일 입력 > 제출 | G16: 본인결혼 5일이 달력일 + 통산(공휴일·주말 포함)으로 차감됨
A17: 16 | B17: 휴가 취소 — 사용 전 | C17: EMPLOYEE (employee-a@ctr.co.kr) | D17: 승인된 미사용 휴가 존재 | F17: 내 휴가 > 승인된 미사용 휴가 선택 > 취소 요청 | G17: 휴가가 자동 취소되고 잔액이 즉시 복구됨
A18: 17 | B18: 휴가 취소 — 사용 중 (팀장 승인) | C18: EMPLOYEE / MANAGER | D18: 시작일 경과 + 종료일 미경과 휴가 존재 | F18: EMPLOYEE: 취소 요청 → MANAGER: 결재함에서 승인 | G18: 사용일까지만 차감, 나머지는 복구. 팀장 승인 완료 후 반영
A19: 18 | B19: 연말 갱신 (이월/소멸) | C19: HR_ADMIN | D19: 로그인 완료 | F19: 인사관리 > 휴가/휴직 관리 > 연말 갱신 메뉴 확인 | G19: 연말 잔여 연차 정산 기능이 제공됨 (이월/소멸/수당전환 + 신규 부여)

Sheet 휴직
A1: Step# | B1: 비즈니스 목적 | C1: 테스터 역할 | D1: 전제조건 | E1: 테스트 데이터 | F1: 수행 액션 | G1: 기대되는 비즈니스 결과 | H1: 실제 결과 | I1: Pass/Fail/Block | J1: 이슈ID | K1: 비고
A2: 1 | B2: 육아휴직 신청 (직원) | C2: EMPLOYEE (employee-a@ctr.co.kr) | D2: 로그인 완료 | E2: 휴직 유형: 육아휴직, 기간: 2026-08-01 ~ 2027-07-31 | F2: 나의 공간 > 휴직 신청 > 육아휴직 선택 > 기간 입력 > 사유 입력 > 제출 | G2: 휴직 신청이 접수되고 상태 "REQUESTED" → 결재 대기
A3: 2 | B3: HR 휴직 승인 | C3: HR_ADMIN (hr@ctr.co.kr) | D3: Step 1 완료 | F3: 인사관리 > 휴가/휴직 관리 > 휴직 신청 목록 > Step 1 신청 선택 > 승인 | G3: 휴직이 승인되고 상태 "APPROVED" → "ACTIVE" 전환 (시작일 도래 시)
A4: 3 | B4: 휴직 상태 자동 전환 | C4: HR_ADMIN | D4: Step 2 완료, 시작일 도래 | F4: 휴직 관리에서 해당 직원 상태 확인 | G4: 시작일에 자동으로 ACTIVE 전환되고 직원 상태 배지 "휴직 중" 표시
A5: 4 | B5: 출퇴근 대상 제외 확인 | C5: HR_ADMIN | D5: Step 3 완료 | F5: 근태 관리에서 휴직 중 직원 검색 | G5: 해당 직원이 출퇴근 대상에서 자동 제외됨 (이상 항목 발생 안 함)
A6: 5 | B6: 급여 대상 자동 주입 확인 | C6: HR_ADMIN | D6: Step 3 완료, 급여 실행 생성 시점 | F6: 급여 > 새 급여 실행 > 휴직 중 직원 포함 여부 확인 | G6: ACTIVE LOA가 PayrollRun 생성 시점에 자동 주입되고 PayrollAdjustment 자동 생성됨
A7: 6 | B7: cross-month 일할계산 | C7: HR_ADMIN | D7: 휴직 기간이 월 중간에 시작 | F7: 급여 실행에서 휴직 직원의 PayrollAdjustment 확인 | G7: 월별 일할계산이 자동 적용됨 (Phase 3 cross-month 자동화)
A8: 7 | B8: 복귀 알림 cron (D-7/D-3/D-1) | C8: HR_ADMIN | D8: 복귀 예정일 D-7 | F8: 대시보드 또는 알림 센터에서 복귀 알림 확인 | G8: D-7/D-3/D-1 시점에 직원 본인 + HR에게 복귀 알림이 발송됨
A9: 8 | B9: 복직 신청 (직원 또는 HR 대리) | C9: EMPLOYEE / HR_ADMIN | D9: 복귀 예정일 도래 | F9: 나의 공간 > 휴직 신청 > 복직 신청 다이얼로그 또는 HR이 직원 상세에서 대리 신청 | G9: 복직 신청이 접수되고 결재 대기 상태
A10: 9 | B10: 복직 완료 처리 | C10: HR_ADMIN | D10: Step 8 완료 | F10: 휴직 관리에서 복직 신청 선택 > 승인 / 복직 완료 처리 | G10: 상태 "COMPLETED" → 직원 상태 "ACTIVE" 복원 + 출퇴근/급여 대상 재포함
A11: 10 | B11: 복귀 후 PayrollAdjustment 역조정 | C11: HR_ADMIN | D11: Step 9 완료, 다음 급여 실행 | F11: 다음 PayrollRun 생성 시 해당 직원의 Adjustment 확인 | G11: 복직 시점에 맞춰 일할계산 역조정이 자동 생성됨
A12: 11 | B12: 휴직 복귀 예정 직원 — 시드 데이터 | C12: HR_ADMIN | D12: EDGE-006 시드 데이터 존재 | E12: 한복귀 (EDGE-006) | F12: 인사관리 > 휴가/휴직 관리에서 한복귀 검색 | G12: 복귀 예정 알림이 표시되고 복귀 처리 버튼이 제공됨
A13: 12 | B13: 6-state 워크플로 확인 | C13: HR_ADMIN | D13: 복수 휴직 건 존재 | F13: 휴직 관리 목록에서 상태 필터 확인 | G13: REQUESTED / APPROVED / ACTIVE / RETURN_REQUESTED / COMPLETED / REJECTED 6개 상태 모두 표시 가능

Sheet 급여
A1: Step# | B1: 비즈니스 목적 | C1: 테스터 역할 | D1: 전제조건 | E1: 테스트 데이터 | F1: 수행 액션 | G1: 기대되는 비즈니스 결과 | H1: 실제 결과 | I1: Pass/Fail/Block | J1: 이슈ID | K1: 비고
A2: 1 | B2: 급여 대시보드 확인 | C2: HR_ADMIN (hr@ctr.co.kr) | D2: 로그인 완료 | F2: 좌측 메뉴 > 급여 > 급여 대시보드 클릭 | G2: 급여 대시보드가 표시되고 최근 급여 실행 현황이 보임
A3: 2 | B3: 급여 실행 생성 | C3: HR_ADMIN | D3: Step 1 완료 | E3: 급여월: 2026년 5월 | F3: 급여 대시보드 > 새 급여 실행 생성 > 2026년 5월 선택 > 생성 | G3: 5월 급여 실행이 "초안(DRAFT)" 상태로 생성됨
A4: 3 | B4: 출퇴근 마감 연동 | C4: HR_ADMIN | D4: Step 2 완료 | F4: 급여 > 근태 마감 메뉴에서 5월 마감 상태 확인 | G4: 출퇴근 마감이 급여 실행과 연동되어 근무일수/초과근무가 반영됨
A5: 4 | B5: 급여 조정 입력 (수동 조정) | C5: HR_ADMIN | D5: Step 2 완료 | E5: 대상: 이민준, 조정: 야근수당 200,000원 | F5: 급여 > 수동 조정 메뉴 > 이민준 선택 > 야근수당 입력 > 저장 | G5: 조정 항목이 급여 실행에 반영됨
A6: 5 | B6: 급여 이상 감지 | C6: HR_ADMIN | D6: Step 4 완료 | F6: 급여 > 이상 검토 메뉴 클릭 | G6: 전월 대비 큰 변동이 있는 직원이 6개 이상 감지 규칙으로 표시됨
A7: 6 | B7: 급여 시뮬레이션 | C7: HR_ADMIN | D7: Step 2 완료 | F7: 급여 > 급여 시뮬레이션 메뉴에서 5월 급여 시뮬레이션 실행 | G7: 급여 시뮬레이션 결과가 표시되고 실제 실행 전 검증 가능
A8: 7 | B8: 급여 검토 | C8: HR_ADMIN | D8: Step 6 완료 | F8: 급여 실행 > 검토 페이지에서 직원별 급여 항목 확인 | G8: 기본급, 식대, 4대보험 공제 등 항목별 금액이 정확히 표시됨
A9: 8 | B9: 급여 다단계 승인 (KR 2단계) | C9: HR_ADMIN → MANAGER → CEO | D9: Step 7 완료 | F9: 급여 실행 > 승인 요청 > 본부장 1차 승인 → 대표 최종 승인 | G9: 한국 법인 2단계 결재 완료. 9-state pipeline 진행 (DRAFT → ... → PAID)
A10: 9 | B10: 이체 파일 생성 | C10: HR_ADMIN | D10: Step 8 완료 | F10: 급여 > 이체 내역 메뉴에서 은행 이체 파일 생성 | G10: 은행 이체용 CSV 파일이 생성되고 다운로드 가능
A11: 10 | B11: 급여명세서 발행 | C11: HR_ADMIN | D11: Step 8 완료 | F11: 급여 실행 > 명세서 발행 클릭 | G11: 직원별 급여명세서가 생성되고 발행 상태가 "발행완료"로 변경됨
A12: 11 | B12: EMPLOYEE 급여명세서 확인 | C12: EMPLOYEE (employee-a@ctr.co.kr) | D12: Step 10 완료 | F12: 나의 공간 > 급여명세서 클릭 | G12: 이민준의 5월 급여명세서가 표시되고 항목별 금액 확인 가능
A13: 12 | B13: 급여명세서 항목 확인 | C13: EMPLOYEE (employee-a@ctr.co.kr) | D13: Step 11 완료 | F13: 급여명세서에서 세부 항목 확인 | G13: 기본급, 식대, 교통비, 4대보험(국민연금/건강보험/고용보험/산재보험) + 소득세 항목이 모두 표시됨
A14: 13 | B14: 글로벌 급여 관리 (해외 법인) | C14: HR_ADMIN | D14: 로그인 완료 | F14: 급여 > 글로벌 급여 메뉴 클릭 | G14: 해외 법인(CTR-CN 등)의 급여 관리 화면이 표시됨 (외부 처리 결과 업로드 방식)
A15: 14 | B15: 연말정산 (한국) | C15: HR_ADMIN | D15: 로그인 완료 | F15: 급여 > 연말정산 메뉴 클릭 | G15: 한국 법인 직원의 연말정산 관리 화면이 표시됨
A16: 15 | B16: 4 종 export 파일 | C16: HR_ADMIN | D16: Step 10 완료 | F16: 급여 실행 상세에서 4종 export 확인 | G16: 비교(comparison) / 원장(ledger) / 분개(journal) / 은행 CSV 4종 모두 다운로드 가능
A17: 16 | B17: 무급 인턴 급여 제외 | C17: HR_ADMIN | D17: EDGE-017 시드 데이터 존재 | E17: 무급실 (EDGE-017) | F17: 급여 실행에서 무급실 확인 | G17: 무급 인턴이 급여 지급 대상에서 제외되거나 0원으로 처리됨
A18: 17 | B18: 연봉 밴드 초과자 확인 | C18: HR_ADMIN | D18: EDGE-015 시드 데이터 존재 | E18: 고초과 (EDGE-015) | F18: 보상 또는 급여 관리에서 밴드 초과자 확인 | G18: 고초과의 현재 연봉이 해당 직급 밴드 상한을 초과한다는 경고가 표시됨
A19: 18 | B19: 연봉 밴드 미달자 확인 | C19: HR_ADMIN | D19: EDGE-016 시드 데이터 존재 | E19: 하미달 (EDGE-016) | F19: 보상 또는 급여 관리에서 밴드 미달자 확인 | G19: 하미달의 현재 연봉이 해당 직급 밴드 하한에 미달한다는 경고가 표시됨
A20: 19 | B20: 빈번한 급여 변경 직원 | C20: HR_ADMIN | D20: EDGE-018 시드 데이터 존재 | E20: 변봉급 (EDGE-018) | F20: 급여 이상 검토에서 변봉급 확인 | G20: 잦은 급여 변경 이력이 이상 항목으로 감지됨
A21: 20 | B21: 비정기 조정 대기 확인 | C21: HR_ADMIN | D21: EDGE-019 시드 데이터 존재 | E21: 승대기 (EDGE-019) | F21: 보상 > 비정기 조정 목록에서 승대기 확인 | G21: 승인 대기 중인 비정기 조정 건이 표시됨
A22: 21 | B22: EMPLOYEE 타인 급여 접근 차단 | C22: EMPLOYEE (employee-a@ctr.co.kr) | D22: 로그인 완료 | E22: URL: /payroll/me/[다른직원RunID] | F22: 브라우저 주소창에 다른 직원의 급여명세서 URL 직접 입력 | G22: 403 접근 거부 또는 본인 급여만 조회 가능
A23: 22 | B23: 급여 실행 삭제/취소 | C23: HR_ADMIN | D23: 초안 상태의 급여 실행 존재 | F23: 급여 대시보드에서 초안 상태 급여 실행 선택 > 삭제/취소 | G23: 초안 상태의 급여 실행이 삭제/취소됨

Sheet 결재·승인
A1: Step# | B1: 비즈니스 목적 | C1: 테스터 역할 | D1: 전제조건 | E1: 테스트 데이터 | F1: 수행 액션 | G1: 기대되는 비즈니스 결과 | H1: 실제 결과 | I1: Pass/Fail/Block | J1: 이슈ID | K1: 비고
A2: 1 | B2: EMPLOYEE 결재 요청 생성 (휴가) | C2: EMPLOYEE (employee-a@ctr.co.kr) | D2: 로그인 완료 | E2: 휴가 신청: 연차 1일 (2026-05-22) | F2: 나의 공간 > 휴가 신청 > 제출 | G2: 결재 요청이 생성되고 매니저의 결재함에 전송됨
A3: 2 | B3: MANAGER 결재함 대기 건 확인 | C3: MANAGER (manager@ctr.co.kr) | D3: Step 1 완료 | F3: 좌측 메뉴 > 결재 > 결재함 클릭 | G3: 이민준의 휴가 신청이 대기 건으로 표시됨
A4: 3 | B4: 결재 승인 | C4: MANAGER (manager@ctr.co.kr) | D4: Step 2 완료 | F4: 결재함에서 이민준 휴가 신청 선택 > 승인 | G4: 결재가 승인되고 상태가 "완료"로 변경됨
A5: 4 | B5: 결재 반려 + 사유 | C5: MANAGER (manager@ctr.co.kr) | D5: 새로운 결재 대기 건 존재 | E5: 반려 사유: 날짜 변경 요청 | F5: 결재함에서 대기 건 선택 > 반려 > 사유 입력 > 확인 | G5: 결재가 반려되고 신청자에게 반려 사유가 전달됨
A6: 5 | B6: 다단계 승인 흐름 (채용 결재) | C6: HR_ADMIN | D6: 채용요청서 시드 존재 | F6: 채용 > 채용요청서 > 새 요청서 작성 > 제출 → 다단계 승인 진행 | G6: 채용 1단계(본부장) 승인 후 2단계(전결)로 자동 전달 또는 finalize됨
A7: 6 | B7: dept_head 결재 라우팅 | C7: HR_ADMIN / dept_head | D7: Department.head_employee_id 시드 존재 | E7: 52개 부서장 시드 | F7: 결재 라우팅에서 dept_head 단계 결재자 확인 | G7: Department.head_employee_id 기반으로 부서장이 결재자로 자동 지정됨 (resolveApproverByRole)
A8: 7 | B8: multi-role canApprove (detail page) | C8: multi-role 사용자 | D8: HR_ADMIN base + 보조 MANAGER active EmployeeRole | F8: 채용요청서 상세 페이지에서 결재 버튼 노출 확인 | G8: multi-role employee의 detail page에서 결재 버튼이 false-deny되지 않고 정상 노출됨 (PR #18)
A9: 8 | B9: off-cycle approve trailing self-skip | C9: HR_ADMIN → MANAGER | D9: [direct_manager → hr_admin] flow + HR_ADMIN 발의 | F9: HR_ADMIN이 off-cycle 보상 발의 → step 2 self-skip APPROVED + step 1 PENDING → MANAGER가 step 1 결재 | G9: step 1 결재 후 즉시 finalize되어 status=APPROVED, currentStep=totalSteps로 갱신 (PR #19 stuck fix)
A10: 9 | B10: secondary assignment 결재자 | C10: secondary manager | D10: 직원에 보조 매니저 active | F10: 보조 매니저로 결재 시도 | G10: 보조(secondary) assignment 결재자도 결재 가능. primary만 가능하지 않음 (Session 204)
A11: 10 | B11: pre-hire 로그인 차단 | C11: pre-hire 계정 | D11: effectiveDate > now | F11: 입사일 전 신규 직원 계정으로 로그인 시도 | G11: EMPLOYEE/[] 강등 적용되어 권한 없는 빈 세션 통과 차단 (Session 209)
A12: 11 | B12: 위임 설정 | C12: MANAGER (manager@ctr.co.kr) | D12: 로그인 완료 | E12: 위임 대상: 김서연 (manager2), 기간: 2026-05-20~30 | F12: 팀 관리 > 위임 설정 > 새 위임 > 대리자/기간 지정 > 저장 | G12: 위임이 설정되고 해당 기간 동안 결재 건이 대리자에게 전달됨
A13: 12 | B13: 위임 결재 동작 | C13: MANAGER (manager2@ctr.co.kr) | D13: Step 11 완료, 위임 기간 중 결재 건 존재 | F13: 결재함에서 위임받은 결재 건 확인 > 승인 | G13: 위임 결재자(김서연)가 정상적으로 승인 처리 가능
A14: 13 | B14: HR_ADMIN 전체 결재 현황 | C14: HR_ADMIN (hr@ctr.co.kr) | D14: 로그인 완료 | F14: 결재 > 결재함 또는 전체 현황 클릭 | G14: HR_ADMIN이 전체 법인의 결재 현황(대기/완료/반려)을 조회할 수 있음
A15: 14 | B15: 결재 라인 설정 UI | C15: HR_ADMIN | D15: 로그인 완료 | F15: 설정 > 시스템 > 결재 플로우 확인 | G15: 결재 유형별(휴가/출퇴근/급여 등) 결재 라인 등록 화면. ⚠ 휴가 모듈은 이 설정을 읽지 않음 (manuals/leave.md §5.2 알려진 제약)
A16: 15 | B16: 출퇴근 결재 | C16: MANAGER (manager@ctr.co.kr) | D16: 출퇴근 수정 요청 결재 건 존재 | F16: 결재함 > 출퇴근 탭에서 수정 요청 확인 > 승인 | G16: 출퇴근 수정이 승인되고 기록에 반영됨
A17: 16 | B17: 급여 결재 | C17: HR_ADMIN | D17: 급여 실행 승인 요청 건 존재 | F17: 결재함에서 급여 실행 승인 요청 확인 > 승인 | G17: 급여 실행이 최종 승인됨 (KR 2단계)
A18: 17 | B18: 비정기 보상 결재 | C18: HR_ADMIN | D18: 비정기 보상 결재 건 존재 | F18: 결재함에서 비정기 보상 요청 확인 > 승인 | G18: 비정기 보상이 승인되고 해당 직원 급여에 반영됨 (Off-Cycle Workflow)
A19: 18 | B19: 결재 이력 조회 | C19: EMPLOYEE (employee-a@ctr.co.kr) | D19: 이전 결재 건 존재 | F19: 결재 > 내 신청 내역 확인 | G19: 본인이 신청한 결재 건의 이력(상태, 승인일, 결재자)이 표시됨
A20: 19 | B20: 결재 철회 | C20: EMPLOYEE (employee-a@ctr.co.kr) | D20: 승인 대기 중인 결재 건 존재 | F20: 내 신청 내역에서 대기 건 선택 > 철회 | G20: 결재 요청이 철회되고 상태가 "철회"로 변경됨
A21: 20 | B21: 매니저 없는 직원 결재 라인 | C21: HR_ADMIN | D21: EDGE-011 시드 데이터 존재 | E21: 윤대표 (EDGE-011) | F21: 윤대표(상위 보고자 없음)의 결재 라인 확인 | G21: 매니저 없는 직원의 결재가 스킵되거나 HR로 직접 전달됨
A22: 21 | B22: 동시 결재 race protection | C22: MANAGER × 2 | D22: 동일 결재 건 더블 클릭 | E22: 같은 사용자가 동시에 결재 버튼 2회 클릭 또는 mixed approve/reject | F22: 결재함에서 같은 건 빠른 연속 클릭 | G22: updateMany + status="PENDING" race protection으로 첫 클릭만 처리됨 (Session 211 PR #20)
A23: 22 | B23: 일괄 결재 | C23: MANAGER (manager@ctr.co.kr) | D23: 복수 결재 대기 건 존재 | F23: 결재함에서 복수 건 선택 > 일괄 승인 | G23: 선택한 건들이 일괄로 승인 처리됨

Sheet 마스터데이터·설정
A1: Step# | B1: 비즈니스 목적 | C1: 테스터 역할 | D1: 전제조건 | E1: 테스트 데이터 | F1: 수행 액션 | G1: 기대되는 비즈니스 결과 | H1: 실제 결과 | I1: Pass/Fail/Block | J1: 이슈ID | K1: 비고
A2: 1 | B2: 법인 기본정보 확인 | C2: HR_ADMIN | D2: 로그인 완료 | F2: 설정 > 조직 > 법인 기본정보 확인 | G2: 법인 코드, 사업자번호, 주소 등 기본정보가 정확히 표시됨
A3: 2 | B3: 법인 정보 수정 | C3: HR_ADMIN | D3: Step 1 완료 | E3: 변경: 대표번호 수정 | F3: 법인 정보에서 대표번호 수정 > 저장 | G3: 변경사항이 저장되고 반영됨
A4: 3 | B4: 부서 구조 조회 | C4: HR_ADMIN | D4: 로그인 완료 | F4: 설정 > 조직 > 부서 관리 클릭 | G4: 부서 트리 구조가 표시되고 상위-하위 관계가 정확함
A5: 4 | B5: 부서 추가 | C5: HR_ADMIN | D5: Step 3 완료 | E5: 새 부서: AI연구팀 (상위: 개발부) | F5: 부서 관리 > 부서 추가 > 부서명, 상위부서 입력 > 저장 | G5: 새 부서가 생성되고 트리에 올바른 위치에 표시됨
A6: 5 | B6: 부서장 지정 (Department.head_employee_id) | C6: HR_ADMIN | D6: Step 3 완료 | E6: 대상 부서: QA-TEAM-A, 부서장: 박준혁 | F6: 부서 관리 > 해당 부서 선택 > 부서장 지정 > 박준혁 선택 | G6: Department.head_employee_id가 박준혁으로 설정되고 dept_head 결재 라우팅에 반영됨
A7: 6 | B7: 직위 관리 | C7: HR_ADMIN | D7: 로그인 완료 | F7: 설정 > 조직 > 직위 관리 확인 | G7: 직위 목록(대표/본부장/팀장/책임/선임/사원 등)이 표시됨
A8: 7 | B8: 직급 체계 확인 (Session 167 전환) | C8: HR_ADMIN | D8: 로그인 완료 | F8: 설정 > 조직 > 직급 관리에서 L/E/S 체계 확인 | G8: 국내 직급 E1/S1/L2/L1 (4단계) + 해외 직급 L1~L5/S1/E1 (7단계)이 정확히 표시됨
A9: 8 | B9: 직종/직무 관리 | C9: HR_ADMIN | D9: 로그인 완료 | F9: 설정 > 조직 > 직종/직무 관리 확인 | G9: 직종(기술, 경영 등)과 직무 목록이 표시됨
A10: 9 | B10: 발령 규칙 확인 | C10: HR_ADMIN | D10: 로그인 완료 | F10: 설정 > 조직 > 발령 규칙 확인 | G10: 발령 유형별 규칙(승진 요건, 이동 제한 등)이 설정되어 있음
A11: 10 | B11: 수습 기간 설정 | C11: HR_ADMIN | D11: 로그인 완료 | F11: 설정 > 조직 > 수습 기간 설정 확인 | G11: 수습 기간(3개월/6개월 등)이 설정되어 있음
A12: 11 | B12: 커스텀 필드 관리 | C12: HR_ADMIN | D12: 로그인 완료 | F12: 설정 > 조직 > 커스텀 필드 관리 확인 | G12: 사용자 정의 필드 목록이 표시되고 추가/수정 가능
A13: 12 | B13: 코드 관리 | C13: HR_ADMIN | D13: 로그인 완료 | F13: 설정 > 조직 > 코드 관리 확인 | G13: 시스템 코드(고용형태, 발령유형 등) 목록이 관리 가능
A14: 13 | B14: 근무지 관리 | C14: HR_ADMIN | D14: 로그인 완료 | F14: 설정 > 조직 > 근무지 관리 확인 | G14: 근무지 목록(본사, 지사 등)이 표시되고 위치 정보 확인 가능
A15: 14 | B15: 근무 스케줄 확인 | C15: HR_ADMIN | D15: 로그인 완료 | F15: 설정 > 출퇴근 > 근무 스케줄 확인 | G15: 기본 근무 스케줄(출근 09:00, 퇴근 18:00 등)이 설정되어 있음
A16: 15 | B16: 근무 스케줄 수정 | C16: HR_ADMIN | D16: Step 14 완료 | E16: 변경: 유연근무제 점심시간 12:00~13:00 | F16: 근무 스케줄 수정 > 저장 | G16: 변경된 스케줄이 저장되고 반영됨
A17: 16 | B17: 주 52시간 한도 설정 | C17: HR_ADMIN | D17: 로그인 완료 | F17: 설정 > 출퇴근 > 근무한도에서 52시간 설정 확인 | G17: 주 52시간 한도가 설정되어 있고 경고 임계값이 확인됨
A18: 17 | B18: 교대근무 패턴 | C18: HR_ADMIN | D18: 로그인 완료 | F18: 설정 > 출퇴근 > 교대근무 패턴 확인 | G18: 교대근무 패턴(주간/야간/3교대 등)이 설정되어 있음
A19: 18 | B19: 휴가 유형 확인 | C19: HR_ADMIN | D19: 로그인 완료 | F19: 설정 > 휴가 > 휴가 유형 관리 확인 | G19: 연차, 병가, 경조사, 출산휴가 등 휴가 유형이 6 카테고리로 그룹핑되어 표시됨
A20: 19 | B20: 휴가 부여 규칙 | C20: HR_ADMIN | D20: 로그인 완료 | F20: 설정 > 휴가 > 부여 규칙 확인 | G20: 근속연수별 연차 부여 규칙이 설정되어 있음
A21: 20 | B21: 지정연차 관리 | C21: HR_ADMIN | D21: 로그인 완료 | F21: 설정 > 휴가 > 지정연차 관리 확인 | G21: 회사 지정 연차일 등록/관리 기능이 제공됨 (DesignatedLeaveDay)
A22: 21 | B22: 법정 공휴일 캘린더 | C22: HR_ADMIN | D22: 로그인 완료 | F22: 설정 > 휴가 > 공휴일 캘린더 확인 | G22: 한국 법정 공휴일이 등록되어 있고 연도별 관리 가능 (해외 5개 법인은 매뉴얼 §9 #2 알려진 제약)
A23: 22 | B23: 초과근무 설정 | C23: HR_ADMIN | D23: 로그인 완료 | F23: 설정 > 출퇴근 > 초과근무 설정 확인 | G23: 초과근무 승인 방식, 수당 계산 규칙이 설정되어 있음
A24: 23 | B24: 휴직 유형 관리 | C24: HR_ADMIN | D24: 로그인 완료 | F24: 설정 > 휴가 > 휴직 유형 관리 확인 | G24: 육아휴직, 병간호휴직, 개인사유 등 휴직 유형이 관리 가능 (LeaveOfAbsenceType)
A25: 24 | B25: 급여 항목 관리 | C25: HR_ADMIN | D25: 로그인 완료 | F25: 설정 > 급여 > 급여 항목 관리 확인 | G25: 기본급, 식대, 교통비 등 급여 항목이 목록으로 표시됨
A26: 25 | B26: 공제 항목 관리 | C26: HR_ADMIN | D26: 로그인 완료 | F26: 설정 > 급여 > 공제 항목 관리 확인 | G26: 국민연금, 건강보험, 고용보험, 산재보험, 소득세 등 공제 항목이 표시됨
A27: 26 | B27: 비과세 한도 확인 | C27: HR_ADMIN | D27: 로그인 완료 | F27: 설정 > 급여 > 비과세 한도 확인 | G27: 식대, 교통비 등 비과세 한도가 설정되어 있음
A28: 27 | B28: 연봉 밴드 확인 | C28: HR_ADMIN | D28: 로그인 완료 | F28: 설정 > 급여 > 연봉 밴드 확인 | G28: 직급별 연봉 밴드(최소~최대) 범위가 설정되어 있음
... A38: 37 | B38: 컴플라이언스 허브 | C38: HR_ADMIN | D38: 로그인 완료 | F38: 설정 > 컴플라이언스 클릭 | G38: GDPR / DPIA / 데이터 보존 / PII 감사 / 국가별 노동법 준수 화면 진입 가능

Sheet 성과
A1: Step# | B1: 비즈니스 목적 | C1: 테스터 역할 | D1: 전제조건 | E1: 테스트 데이터 | F1: 수행 액션 | G1: 기대되는 비즈니스 결과 | H1: 실제 결과 | I1: Pass/Fail/Block | J1: 이슈ID | K1: 비고
A2: 1 | B2: 성과 대시보드 진입 | C2: HR_ADMIN | D2: 로그인 완료 | F2: 좌측 메뉴 > 성과/보상 > 성과 관리 클릭 | G2: 성과 대시보드가 표시됨 (MBO/CFR 통계)
A3: 2 | B3: 새 목표 생성 (EMPLOYEE) | C3: EMPLOYEE (employee-a@ctr.co.kr) | D3: 현재 평가 사이클 진행 중 | E3: 목표 제목/설명/측정 지표/기한 | F3: 나의 공간 > 목표/평가 > 새 목표 생성 > 입력 > 저장 | G3: 목표가 생성되고 진행률 0%로 표시됨
A4: 3 | B4: GoalRevision 배치 수정 | C4: EMPLOYEE / MANAGER | D4: Step 2 완료 | E4: 진행 중인 목표를 분기 중 수정 | F4: 목표 상세 > 수정 > 변경 사유 입력 > 제출 → 매니저 승인 | G4: 목표 버전(GoalRevision)이 생성되고 이전 버전 이력 보존. QGP 분기 데이터 오염 방어 (기존 데이터는 이전 버전에 귀속)
A5: 4 | B5: 자기평가 작성 | C5: EMPLOYEE (employee-a@ctr.co.kr) | D5: 평가 사이클 자기평가 단계 | F5: /performance/self-eval 진입 > 평가 항목별 점수 + 코멘트 입력 > 제출 | G5: 자기평가가 제출되고 매니저 평가 단계로 전환됨
A6: 5 | B6: AI 자기평가 도우미 | C6: EMPLOYEE (employee-a@ctr.co.kr) | D6: 자기평가 작성 중 | F6: 자기평가 작성 화면에서 "AI 코멘트 초안 생성" 버튼 클릭 | G6: Claude 기반 자기평가 코멘트 초안이 생성되고 직원이 편집하여 제출 가능
A7: 6 | B7: 매니저 평가 작성 | C7: MANAGER (manager@ctr.co.kr) | D7: Step 4 완료 | F7: /performance/manager-eval 또는 /performance/manager-evaluation 진입 (i18n 신버전) | G7: 매니저가 직원 평가를 작성하고 제출 가능. 두 라우트 동시 존재 시 사용성 확인
A8: 7 | B8: 동료평가 설정 | C8: HR_ADMIN | D8: 평가 사이클 동료평가 단계 | F8: /performance/peer-review/[cycleId]/setup 진입 > 평가자/피평가자 매칭 > 저장 | G8: 동료평가 매칭이 설정되고 평가자에게 알림 발송
A9: 8 | B9: 동료평가 실행 | C9: EMPLOYEE / MANAGER | D9: Step 7 완료 | F9: /performance/peer-review/evaluate/[id] 진입 > 평가 작성 > 제출 | G9: 동료평가가 제출됨 (5-record privacy 적용)
A10: 9 | B10: 분기 리뷰 — 직원 제출 | C10: EMPLOYEE (employee-a@ctr.co.kr) | D10: 분기 리뷰 단계 진행 중 | F10: 나의 공간 > 분기 리뷰 > 작성 > 제출 | G10: 직원 분기 리뷰가 제출됨
A11: 10 | B11: 분기 리뷰 — 매니저 듀얼 제출 | C11: MANAGER (manager@ctr.co.kr) | D11: Step 9 완료 | F11: 팀 관리 > 분기 리뷰 > 해당 팀원 선택 > 작성 > 제출 | G11: 매니저 분기 리뷰가 별도로 제출됨 (직원/매니저 듀얼 제출 + 마스킹 정책 적용)
A12: 11 | B12: 분기 리뷰 마스킹 확인 | C12: EMPLOYEE (employee-a@ctr.co.kr) | D12: Step 10 완료 | F12: 나의 공간 > 분기 리뷰 상세 진입 | G12: 매니저 코멘트가 정해진 시점까지 마스킹되어 표시됨
A13: 12 | B13: 캘리브레이션 DnD 배치 조정 | C13: HR_ADMIN | D13: 캘리브레이션 단계 진행 중 | F13: /performance/calibration 진입 > 직원 카드 드래그 > 9-block 셀로 드롭 (다중선택 지원) | G13: @dnd-kit 기반 드래그·드롭으로 등급 조정 완료 + 배치 API로 일괄 저장
A14: 13 | B14: 보상 검토 (Merit Matrix) | C14: HR_ADMIN | D14: 캘리브레이션 완료 | F14: /performance/comp-review 진입 > 성과등급별 merit 매트릭스 확인 | G14: 직원별 성과등급 + 인상률 + 성과급 시뮬레이션이 매트릭스로 표시됨
A15: 14 | B15: 성장 여정 시각화 (MyResult) | C15: EMPLOYEE (employee-a@ctr.co.kr) | D15: 과거 평가 사이클 완료 이력 존재 | F15: /performance/my-result 진입 | G15: 과거 사이클 추이가 라인 차트로 시각화됨 (성장 여정)
A16: 15 | B16: 1:1 미팅 설정 | C16: MANAGER (manager@ctr.co.kr) | D16: 로그인 완료 | E16: 1:1 대상: 이민준, 주기: 격주 | F16: 팀 관리 > 1:1 미팅 > 새 미팅 설정 > 저장 | G16: 1:1 미팅 일정이 생성되고 양측에 알림
A17: 16 | B17: 인정/칭찬 피드 | C17: EMPLOYEE (employee-a@ctr.co.kr) | D17: 로그인 완료 | F17: 나의 공간 > 리코그니션 진입 > 동료 인정 작성 > 제출 | G17: 인정 메시지가 피드에 표시됨
A18: 17 | B18: 펄스 설문 응답 | C18: EMPLOYEE (employee-a@ctr.co.kr) | D18: 펄스 설문 활성 | F18: /performance/pulse/[id]/respond 진입 > 응답 > 제출 | G18: 펄스 응답이 제출되고 결과는 익명 집계됨
A19: 18 | B19: 펄스 결과 조회 | C19: HR_ADMIN | D19: Step 17 완료 | F19: /performance/pulse/[id]/results 진입 | G19: 응답 결과가 카테고리별/팀별로 집계되어 표시됨
A20: 19 | B20: 성과 알림 | C20: EMPLOYEE / MANAGER | D20: 평가 마감일 D-day 경과 | F20: /performance/notifications 진입 또는 알림 센터 | G20: 평가 마감 임박/경과 알림이 발송됨 (eval-reminder cron)
A21: 20 | B21: 바이어스 감지 | C21: HR_ADMIN | D21: AI 평가 초안 사용 | F21: 매니저 평가에서 AI 초안 생성 → 바이어스 감지 결과 확인 | G21: 성별/연령별/근속 등 잠재적 바이어스 패턴이 감지되어 경고됨

Sheet 채용
A1: # | B1: 기능 | C1: 세부기능 | D1: 테스트 계정 | E1: 확인 (Y/N/NA) | F1: 심각도 | G1: 테스터 | H1: 날짜 | I1: 비고
A2: 1 | B2: 채용 | C2: 채용 공고 목록 (/recruitment) | D2: HR_ADMIN
A3: 2 | B3: 채용 | C3: 새 공고 작성 (/recruitment/new) | D3: HR_ADMIN
A4: 3 | B4: 채용 | C4: 공고 상세 (/recruitment/[id]) | D4: HR_ADMIN
A5: 4 | B5: 채용 | C5: 공고 수정 (/recruitment/[id]/edit) | D5: HR_ADMIN
A6: 5 | B6: 지원자 | C6: 지원자 목록 (/recruitment/[id]/applicants) | D6: HR_ADMIN
A7: 6 | B7: 지원자 | C7: 새 지원자 등록 (/recruitment/[id]/applicants/new) | D7: HR_ADMIN
A8: 7 | B8: 면접 | C8: 면접 일정 목록 (/recruitment/[id]/interviews) | D8: HR_ADMIN
A9: 8 | B9: 면접 | C9: 새 면접 등록 + 타임존 자동 설정 (/recruitment/[id]/interviews/new) | D9: HR_ADMIN
A10: 9 | B10: 면접 | C10: 면접 중복 감지 | D10: HR_ADMIN
A11: 10 | B11: 파이프라인 | C11: 10-stage 칸반 파이프라인 (/recruitment/[id]/pipeline) | D11: HR_ADMIN
A12: 11 | B12: 파이프라인 | C12: OFFER_ACCEPTED / OFFER_DECLINED 단계 표시 | D12: HR_ADMIN
A13: 12 | B13: 보드 뷰 | C13: 전체 보드 뷰 (/recruitment/board) | D13: HR_ADMIN
... A26: 25 | B26: AI 스크리닝 | C26: AI 기반 지원자 스크리닝 결과 | D26: HR_ADMIN

Sheet 보상
A1: Step# | B1: 비즈니스 목적 | C1: 테스터 역할 | D1: 전제조건 | E1: 테스트 데이터 | F1: 수행 액션 | G1: 기대되는 비즈니스 결과 | H1: 실제 결과 | I1: Pass/Fail/Block | J1: 이슈ID | K1: 비고
A2: 1 | B2: 보상 대시보드 (HR) | C2: HR_ADMIN | D2: 로그인 완료 | F2: 좌측 메뉴 > 성과/보상 > 보상 관리 클릭 | G2: 보상 대시보드가 표시되고 정기/비정기 조정 현황 보임
A3: 2 | B3: 정기 보상 검토 (merit matrix) | C3: HR_ADMIN | D3: 캘리브레이션 완료 | F3: /performance/comp-review 진입 > 인상률 매트릭스 확인 | G3: 직급별 인상률 + PayBandChart로 밴드 내 위치 시각화
A4: 3 | B4: Off-Cycle — 매니저 제안 경로 | C4: MANAGER (manager@ctr.co.kr) | D4: 팀원 대상 | E4: 대상: 이민준, 인상률: 5%, 시행일: 2026-06-01 | F4: 팀 관리 > 비정기 조정 제안 > 대상/사유/금액 입력 > 제출 | G4: 매니저 제안이 HR 결재함으로 전달되고 ApprovalFlow 다단계 진행
A5: 4 | B5: Off-Cycle — HR 주도 경로 | C5: HR_ADMIN | D5: 로그인 완료 | E5: 대상: 정다은, 사유: 시장 보정 | F5: /compensation/off-cycle/new > HR 주도 발의 옵션 선택 > 저장 | G5: HR 발의 건이 결재 라인 진행 (HR_ADMIN 발의 시 step 2 self-skip — PR #19)
A6: 5 | B6: Off-Cycle — 자동 트리거 | C6: HR_ADMIN | D6: 발령(승진 등) 처리 직후 | F6: 발령 처리 → 자동으로 비정기 조정 결재 생성됨을 확인 | G6: 발령 시 자동 트리거된 비정기 조정 건이 결재 대기 목록에 표시됨
A7: 6 | B7: 급여 역전 방어 검증 | C7: HR_ADMIN | D7: 부하 연봉 > 상사 시나리오 데이터 | F7: /compensation/off-cycle/new > 부하 직원 대상으로 상사 연봉 초과하는 인상 시도 | G7: 저장 전 경고 표시 (급여 역전 방지 정책)
A8: 7 | B8: Self-approval Skip | C8: HR_ADMIN (발의자 = 결재자) | D8: 본인 발의 → 본인 결재 단계 포함 | E8: 발의자가 동시에 step의 결재자인 경우 | F8: 결재 단계 진행 | G8: 발의자 본인이 결재자인 step은 자동 self-skip 처리 (APPROVED)
A9: 8 | B9: 미래 시행일 Cron | C9: HR_ADMIN | D9: 시행일 > 오늘 | F9: /compensation/off-cycle/new > 시행일을 미래로 설정 > 결재 완료 | G9: 결재는 완료되되, 실제 급여 반영은 시행일 cron이 처리 (즉시 반영 X)
A10: 9 | B10: Compensation Letter PDF 생성 | C10: HR_ADMIN | D10: 결재 완료된 보상 조정 건 존재 | F10: 보상 상세 > "Compensation Letter 생성" 클릭 | G10: PDF가 생성되고 S3에 저장됨 (compensation-letter-pdf.ts)
A11: 10 | B11: Compensation Letter 이메일 발송 (배치) | C11: HR_ADMIN | D11: Step 9 완료 | E11: 복수 직원 대상 일괄 발송 | F11: 보상 관리 > 레터 배치 발송 > 대상 선택 > 발송 | G11: 이메일이 일괄 발송되고 발송 이력이 기록됨 (/api/v1/compensation/letters/send)
A12: 11 | B12: Compensation Letter 버전 관리 | C12: HR_ADMIN | D12: 한 직원에 복수 레터 발송 이력 | F12: 직원 상세 > 보상 레터 이력 확인 | G12: 동일 직원의 여러 레터가 버전 번호와 함께 표시됨
A13: 12 | B13: Total Rewards Statement (직원) | C13: EMPLOYEE (employee-a@ctr.co.kr) | D13: 로그인 완료 | F13: 나의 공간 > 내 총보상 (/my/total-rewards) | G13: 기본급/상여/수당/복리후생/포상 연간 집계 + 도넛 차트 + 트렌드 라인이 표시됨
A14: 13 | B14: PayBandChart 표시 — Profile | C14: EMPLOYEE (employee-a@ctr.co.kr) | D14: 로그인 완료 | F14: 내 프로필 > Compensation 영역 확인 | G14: PayBandChart compact 버전이 ProfileSidebar에 표시됨
A15: 14 | B15: PayBandChart 표시 — Simulation | C15: HR_ADMIN | D15: 보상 시뮬레이션 | F15: /compensation/off-cycle/new > 시뮬레이션 탭 | G15: before/after PayBandChart로 변경 전후 비교
A16: 15 | B16: 직급별 보상 분포 분석 | C16: HR_ADMIN | D16: 로그인 완료 | F16: /analytics/compensation 진입 | G16: 직급별 연봉 분포 + 성별 임금격차 (GenderPayGap) 분석 표시

Sheet 인사이트·분석
A1: # | B1: 기능 | C1: 세부기능 | D1: 테스트 계정 | E1: 확인 (Y/N/NA) | F1: 심각도 | G1: 테스터 | H1: 날짜 | I1: 비고
A2: 1 | B2: 분석 | C2: 경영진 요약 대시보드 (/analytics) | D2: EXECUTIVE / HR_ADMIN
A3: 2 | B3: 인력 분석 | C3: 인력 현황 분석 (/analytics/workforce) | D3: HR_ADMIN
A4: 3 | B4: 급여 분석 | C4: 급여 통계 (/analytics/payroll) | D4: HR_ADMIN
A5: 4 | B5: 성과 분석 | C5: 성과 분석 (/analytics/performance) | D5: HR_ADMIN
A6: 5 | B6: 출퇴근 분석 | C6: 근태 분석 (/analytics/attendance) | D6: HR_ADMIN
A7: 6 | B7: 이직 분석 | C7: 이직률 분석 (/analytics/turnover) | D7: HR_ADMIN
A8: 7 | B8: 팀 건강도 | C8: 팀 건강도 지표 (/analytics/team-health) | D8: HR_ADMIN
A9: 8 | B9: AI 리포트 | C9: AI 기반 분석 리포트 (Claude) (/analytics/ai-report) | D9: HR_ADMIN
A10: 9 | B10: 채용 분석 | C10: 채용 파이프라인 분석 (/analytics/recruitment) | D10: HR_ADMIN
A11: 10 | B11: 보상 분석 | C11: 보상 분석 (/analytics/compensation) | D11: HR_ADMIN
A12: 11 | B12: 성별 임금격차 | C12: 성별 임금 격차 분석 (/analytics/gender-pay-gap) | D12: HR_ADMIN
A13: 12 | B13: 이탈 분석 | C13: 이탈 분석 (/analytics/attrition) | D13: HR_ADMIN
... A19: 18 | B19: KRW 환산 | C19: 해외 법인 통화 KRW 자동 환산 | D19: HR_ADMIN

Sheet 온보딩·오프보딩
A1: Step# | B1: 비즈니스 목적 | C1: 테스터 역할 | D1: 전제조건 | E1: 테스트 데이터 | F1: 수행 액션 | G1: 기대되는 비즈니스 결과 | H1: 실제 결과 | I1: Pass/Fail/Block | J1: 이슈ID | K1: 비고
A2: 1 | B2: 온보딩 마일스톤 (DAY_1) | C2: HR_ADMIN | D2: 신규 입사자 등록 후 | E2: 대상: 테스트직원 (인사관리 Step 6) | F2: /onboarding 진입 > 대상 직원 선택 > DAY_1 태스크 확인 | G2: DAY_1/7/30/90 4단계 마일스톤이 자동 생성되고 상태가 표시됨
A3: 2 | B3: 온보딩 체크인 (직원) | C3: EMPLOYEE (신입) | D3: 온보딩 진행 중 | F3: 나의 공간 > 나의 온보딩 > 체크인 (/onboarding/checkin) | G3: 신입사원 주간 체크인 폼이 표시되고 제출 가능
A4: 3 | B4: 온보딩 체크인 대시보드 (HR) | C4: HR_ADMIN | D4: Step 2 완료 | F4: /onboarding/checkins 진입 | G4: HR 관리자 체크인 대시보드에 신입 응답 집계 표시
A5: 4 | B5: 오프보딩 시작 → 4 게이트 생성 | C5: HR_ADMIN | D5: 퇴사 예정자 존재 (EDGE-007) | E5: 오퇴사 (EDGE-007) | F5: 직원 상세 > 오프보딩 시작 | G5: 4 게이트 체크리스트 자동 생성 (IT계정/퇴직면담/인수인계/자산반납) + D-day 배지 표시
A6: 5 | B6: 오프보딩 게이트 1: IT 계정 회수 | C6: HR_ADMIN | D6: Step 4 완료 | F6: 오프보딩 상세 > IT 계정 게이트 진입 > 회수 완료 체크 | G6: IT 계정 게이트 완료. 미완료 시 후속 게이트 진행 불가 (강제 집행 엔진)
A7: 6 | B7: 오프보딩 게이트 2: 퇴직 면담 | C7: HR_ADMIN | D7: Step 5 완료 | F7: /offboarding/exit-interviews 진입 > 퇴직 면담 기록 (5-record privacy) | G7: 퇴직 면담이 익명·익명 처리되어 기록됨 (5명 이상 모집 시에만 통계 공개)
A8: 7 | B8: 오프보딩 게이트 3: 인수인계 워크플로 | C8: HR_ADMIN | D8: Step 6 완료 | E8: 인수자: 정다은 | F8: 오프보딩 상세 > 인수인계 게이트 > 인수자 지정 > 인계 태스크 생성 | G8: 인수자 지정 + 인계 태스크 필터 뷰 + 진행률 바 표시
A9: 8 | B9: 오프보딩 게이트 4: 자산 반납 | C9: HR_ADMIN | D9: Step 7 완료 | F9: 오프보딩 상세 > 자산 반납 게이트 > 6-country 규칙 확인 | G9: 자산 반납 게이트 완료 (6-country 규칙 적용 — KR/CN/US/MX/VN/RU 별)
A10: 9 | B10: 4 게이트 완료 → COMPLETED 전이 | C10: HR_ADMIN | D10: 모든 게이트 완료 | F10: 오프보딩 상세에서 최종 완료 버튼 클릭 | G10: 오프보딩 COMPLETED 상태로 전환. 게이트 미완료 시 전이 차단 검증
A11: 10 | B11: 재고용 방지 (do-not-rehire) 토글 | C11: HR_ADMIN | D11: Step 9 완료 | E11: 사유: 정책 위반 | F11: 오프보딩 완료 후 do-not-rehire 토글 ON + 사유 기록 | G11: do-not-rehire 플래그가 활성화되고 채용 모듈에서 차단 가능
A12: 11 | B12: 채용 시 재고용 차단 검증 | C12: HR_ADMIN | D12: Step 10 완료 | E12: 동일 인물 채용 시도 | F12: 채용 > 새 지원자 등록 시 do-not-rehire 직원 이메일/이름 입력 | G12: 중복 체크 시 경고 또는 차단 표시
A13: 12 | B13: OffboardingDocument 수집 | C13: HR_ADMIN | D13: 오프보딩 진행 중 | F13: 오프보딩 상세 > 문서 수집 CRUD | G13: CONSENT/HANDOVER/EXIT/NDA 4 종 문서 업로드 + 관리 가능
A14: 13 | B14: 퇴직 분석 대시보드 | C14: HR_ADMIN | D14: 퇴직 데이터 누적 | F14: /analytics/turnover 또는 오프보딩 분석 | G14: 이직 원인/만족도/재직기간/월별 트렌드가 시각화됨
A15: 14 | B15: 내 온보딩 (직원 뷰) | C15: EMPLOYEE (신입) | D15: 온보딩 진행 중 | F15: /onboarding/me 진입 | G15: 직원 본인의 온보딩 진행 상황 + 마일스톤 + 태스크 표시
A16: 15 | B16: 내 오프보딩 (직원 뷰) | C16: EMPLOYEE (퇴사 예정) | D16: 오프보딩 시작됨 | F16: /my/offboarding 진입 | G16: 직원 본인의 오프보딩 진행 상황 + 4 게이트 진행률 표시

Sheet 규정준수
A1: # | B1: 기능 | C1: 세부기능 | D1: 테스트 계정 | E1: 확인 (Y/N/NA) | F1: 심각도 | G1: 테스터 | H1: 날짜 | I1: 비고
A2: 1 | B2: 컴플라이언스 | C2: 컴플라이언스 허브 (/compliance) | D2: HR_ADMIN
A3: 2 | B3: GDPR | C3: GDPR 관리 (/compliance/gdpr) | D3: HR_ADMIN
A4: 3 | B4: DPIA | C4: DPIA 평가 (/compliance/dpia) | D4: HR_ADMIN
A5: 4 | B5: 데이터 보존 | C5: 데이터 보존 정책 (/compliance/data-retention) | D5: HR_ADMIN
A6: 5 | B6: PII 감사 | C6: PII 감사 로그 (/compliance/pii-audit) | D6: HR_ADMIN
A7: 6 | B7: 한국 규정 | C7: 한국 노동법 준수 (/compliance/kr) | D7: HR_ADMIN
A8: 7 | B8: 중국 규정 | C8: 중국 노동법 준수 (/compliance/cn) | D8: HR_ADMIN (hr@ctr-cn.com)
A9: 8 | B9: 러시아 규정 | C9: 러시아 노동법 준수 (/compliance/ru) | D9: HR_ADMIN
A10: 9 | B10: RLS | C10: Row-Level Security (RLS P1) — 회사 격리 | D10: HR_ADMIN (cross-company)
A11: 10 | B11: PII 로깅 | C11: PII access 자동 로깅 | D11: HR_ADMIN

Sheet My Space
A1: # | B1: 기능 | C1: 세부기능 | D1: 테스트 계정 | E1: 확인 (Y/N/NA) | F1: 심각도 | G1: 테스터 | H1: 날짜 | I1: 비고
A2: 1 | B2: My Space | C2: 내 할일 (/my/tasks) | D2: EMPLOYEE
A3: 2 | B3: My Space | C3: 내 출퇴근 (/attendance — EMPLOYEE 뷰) | D3: EMPLOYEE
A4: 3 | B4: My Space | C4: 내 휴가 (/my/leave) | D4: EMPLOYEE
A5: 4 | B5: My Space | C5: 내 휴직 (/leave-of-absence — EMPLOYEE 뷰) | D5: EMPLOYEE
A6: 5 | B6: My Space | C6: 내 급여명세서 (/payroll/me) | D6: EMPLOYEE
A7: 6 | B7: My Space | C7: 내 급여명세서 상세 (/payroll/me/[runId]) | D7: EMPLOYEE
A8: 7 | B8: My Space | C8: 내 복리후생 (/my/benefits) | D8: EMPLOYEE
A9: 8 | B9: My Space | C9: 내 연말정산 (/my/year-end) | D9: EMPLOYEE
A10: 9 | B10: My Space | C10: 내 목표 (/performance/my-goals) | D10: EMPLOYEE
A11: 10 | B11: My Space | C11: 내 분기리뷰 (/performance/my-quarterly-review) | D11: EMPLOYEE
A12: 11 | B12: My Space | C12: 내 스킬 (/my/skills) | D12: EMPLOYEE
A13: 12 | B13: My Space | C13: 내 교육 (/my/training) | D13: EMPLOYEE
... A21: 20 | B21: My Space | C21: 내 내부공모 (/my/internal-jobs) | D21: EMPLOYEE

Sheet V2 홈
A1: Step# | B1: 비즈니스 목적 | C1: 테스터 역할 | D1: 전제조건 | E1: 테스트 데이터 | F1: 수행 액션 | G1: 기대되는 비즈니스 결과 | H1: 실제 결과 | I1: Pass/Fail/Block | J1: 이슈ID | K1: 비고
A2: 1 | B2: SUPER_ADMIN 홈 | C2: SUPER_ADMIN (super@ctr.co.kr) | D2: 로그인 완료 | F2: 로그인 후 자동으로 /home으로 리다이렉트됨 | G2: SUPER_ADMIN 전용 홈 (13개 법인 cross-company 위젯 + 전사 KPI) 표시
A3: 2 | B3: HR_ADMIN 홈 (HrAdminHomeV2) | C3: HR_ADMIN (hr@ctr.co.kr) | D3: 로그인 완료 | F3: /home 진입 | G3: HrAdminHomeV2 카드 — 결재 inbox 요약, 온보딩/오프보딩 tracker, 휴가 통계, recognition feed
A4: 3 | B4: MANAGER 홈 (ManagerHomeV2) | C4: MANAGER (manager@ctr.co.kr) | D4: 로그인 완료 | F4: /home 진입 | G4: ManagerHomeV2 — 팀원 현황, 결재 대기, 1:1 일정, 팀 성과 요약
A5: 4 | B5: EXECUTIVE 홈 (ExecutiveHomeV2) | C5: EXECUTIVE / SUPER_ADMIN | D5: 로그인 완료 | F5: /home 진입 | G5: 경영진 요약 (HR KPI + 채용 퍼널 + 인력 트렌드)
A6: 5 | B6: EMPLOYEE 홈 (EmployeeHomeV2) | C6: EMPLOYEE (employee-a@ctr.co.kr) | D6: 로그인 완료 | F6: /home 진입 | G6: EmployeeHomeV2 — 내 할일, 휴가 잔액, 목표 진행률, 인정 피드, 출퇴근 위젯
A7: 6 | B7: 시간대별 인사말 (hydration-safe) | C7: EMPLOYEE | D7: 로그인 완료 | F7: 홈에 진입 시 시간대 인사말 확인 (아침/낮/저녁) | G7: 현지 시간대 기반 인사말이 hydration 오류 없이 표시됨 (Session 181 fix)
A8: 7 | B8: 온보딩/오프보딩 tracker row 클릭 | C8: HR_ADMIN | D8: tracker row 표시 | F8: 홈의 tracker row 클릭 | G8: 해당 onboarding/offboarding 상세 페이지로 정확히 이동 (Session 182 fix)
A9: 8 | B9: 알림 위젯 | C9: all roles | D9: 신규 알림 존재 | F9: 홈의 알림 위젯 또는 /notifications 클릭 | G9: 신규 알림 N건 카운트 + 알림 목록 표시
A10: 9 | B10: SW 자동 갱신 toast | C10: all roles | D10: 신규 배포 직후 | F10: 신규 배포 후 페이지 진입 | G10: "새 버전이 있습니다 / 새로고침" toast 표시 + 1-click 새로고침 정상 동작 (Session 199 prod 검증)

Sheet 알림
A1: # | B1: 기능 | C1: 세부기능 | D1: 테스트 계정 | E1: 확인 (Y/N/NA) | F1: 심각도 | G1: 테스터 | H1: 날짜 | I1: 비고
A2: 1 | B2: 알림 센터 | C2: 알림 목록 (/notifications) | D2: all roles
A3: 2 | B3: 알림 센터 | C3: 읽음/안읽음 토글 | D3: all roles
A4: 3 | B4: 알림 센터 | C4: 카테고리 필터 (휴가/결재/평가 등) | D4: all roles
A5: 4 | B5: 알림 발송 | C5: 결재 대기 알림 (Teams + 이메일 + 푸시) | D5: MANAGER
A6: 5 | B6: 알림 발송 | C6: 휴가 시작 D-7/D-3/D-1 알림 | D6: EMPLOYEE
A7: 6 | B7: 알림 발송 | C7: 복귀 알림 (LOA D-7/D-3/D-1) | D7: EMPLOYEE / HR_ADMIN
A8: 7 | B8: 알림 발송 | C8: 평가 마감 알림 (eval-reminder cron) | D8: EMPLOYEE / MANAGER
A9: 8 | B9: 알림 발송 | C9: nudge cron (매니저급) | D9: MANAGER+
A10: 9 | B10: 알림 발송 | C10: HR 챗봇 에스컬레이션 | D10: HR_ADMIN
A11: 10 | B11: 알림 i18n | C11: 5 locale (ko/en/zh/vi/es) 알림 본문 | D11: multi-locale
A12: 11 | B12: 알림 설정 | C12: 내 알림 설정 (/my/settings/notifications) | D12: EMPLOYEE

Sheet 엣지케이스
A1: Step# | B1: 비즈니스 목적 | C1: 테스터 역할 | D1: 전제조건 | E1: 테스트 데이터 | F1: 수행 액션 | G1: 기대되는 비즈니스 결과 | H1: 실제 결과 | I1: Pass/Fail/Block | J1: 이슈ID | K1: 비고
A2: 1 | B2: 수습 진행 중 | C2: HR_ADMIN | D2: EDGE-001 시드 | E2: 김수습 (EDGE-001) | F2: 직원 목록 검색 > 상세 페이지 | G2: 수습 배지 + 만료일(2026-06-01) 표시
A3: 2 | B3: 수습 만료 경고 | C3: HR_ADMIN | D3: EDGE-002 시드 | E3: 박만료 (EDGE-002) | F3: 직원 목록 검색 | G3: 수습 기간 만료 경고 (2026-01-01 지남) 표시
A4: 3 | B4: 계약 만료 임박 | C4: HR_ADMIN | D4: EDGE-003 시드 | E4: 이계약 (EDGE-003) | F4: 직원 목록 또는 대시보드 | G4: D-30 알림 + 계약 갱신/종료 조치 안내
A5: 4 | B5: 계약 만료 직원 | C5: HR_ADMIN | D5: EDGE-004 시드 | E5: 최만기 (EDGE-004) | F5: 직원 목록 검색 | G5: 계약 만료 상태 (만료일: 2026-03-31) 표시
A6: 5 | B6: 육아휴직 중 | C6: HR_ADMIN | D6: EDGE-005 시드 | E6: 정육아 (EDGE-005) | F6: 직원 목록 + 근태/급여 관리 | G6: 출퇴근/급여 대상에서 제외 + 휴직 배지
A7: 6 | B7: 복귀 예정 휴직자 | C7: HR_ADMIN | D7: EDGE-006 시드 | E7: 한복귀 (EDGE-006) | F7: 직원 목록 또는 휴가/휴직 관리 | G7: 복귀 예정 알림 + 복귀 처리 버튼
A8: 7 | B8: 퇴사 예정자 오프보딩 | C8: HR_ADMIN | D8: EDGE-007 시드 | E8: 오퇴사 (EDGE-007) | F8: 직원 목록 + 오프보딩 | G8: 4 게이트 체크리스트 생성됨 (퇴사일 2026-05-06)
A9: 8 | B9: 퇴직 완료 접근 차단 | C9: HR_ADMIN | D9: EDGE-008 시드 | E9: 유퇴직 (EDGE-008) | F9: 활성 직원 목록 필터 | G9: 활성 목록에서 제외 + 로그인 차단
A10: 9 | B10: 겸직자 (2개 법인) | C10: HR_ADMIN | D10: EDGE-009 시드 | E10: 강겸직 (EDGE-009) | F10: 직원 상세 > 발령 정보 | G10: 2개 법인 발령 모두 표시
A11: 10 | B11: 다직위자 (3개 직위) | C11: HR_ADMIN | D11: EDGE-010 시드 | E11: 임다직 (EDGE-010) | F11: 직원 상세 | G11: 3개 직위 모두 표시 + 주직위 구분
A12: 11 | B12: 매니저 없는 직원 (CEO) | C12: HR_ADMIN | D12: EDGE-011 시드 | E12: 윤대표 (EDGE-011) | F12: 직원 상세 + 결재 라인 | G12: 상위 보고자 없이 정상 표시. 결재 스킵 또는 HR 직접
A13: 12 | B13: EMPLOYEE 타인 급여 차단 | C13: EMPLOYEE (employee-a) | D13: 로그인 완료 | E13: URL: /payroll/me/[다른직원RunID] | F13: 주소창에 직접 입력 | G13: 403 또는 본인 급여만 조회 가능
A14: 13 | B14: 타 법인 데이터 격리 | C14: HR_ADMIN (CTR) | D14: 로그인 완료 | F14: CTR HR_ADMIN으로 CTR-CN 직원 접근 시도 | G14: CTR-CN 데이터 미표시 (법인 격리)
A15: 14 | B15: 부서 미배정 신규 입사자 | C15: HR_ADMIN | D15: EDGE-012 시드 | E15: 신입사 (EDGE-012) | F15: 직원 목록 | G15: 부서 미배정 상태로 오류 없이 표시 + 부서 배정 필요 알림
A16: 15 | B16: 법인 간 전적 | C16: HR_ADMIN | D16: EDGE-013 시드 | E16: 배전적 (EDGE-013) | F16: 직원 상세 | G16: 법인 전적(CTR→CTR-CN) 이력 발령 이력에 기록
A17: 16 | B17: Grade 없음 | C17: HR_ADMIN | D17: EDGE-014 시드 | E17: Alex NoGrade (EDGE-014) | F17: 직원 상세 | G17: Grade 미할당 상태 오류 없이 표시
A18: 17 | B18: 연봉 밴드 초과자 | C18: HR_ADMIN | D18: EDGE-015 시드 | E18: 고초과 (EDGE-015) | F18: 보상 관리 | G18: 밴드 상한 초과 경고
A19: 18 | B19: 연봉 밴드 미달자 | C19: HR_ADMIN | D19: EDGE-016 시드 | E19: 하미달 (EDGE-016) | F19: 보상 관리 | G19: 밴드 하한 미달 경고
A20: 19 | B20: 무급 인턴 | C20: HR_ADMIN | D20: EDGE-017 시드 | E20: 무급실 (EDGE-017) | F20: 급여 실행 | G20: 급여 대상 제외 또는 0원
A21: 20 | B21: 빈번한 급여 변경 | C21: HR_ADMIN | D21: EDGE-018 시드 | E21: 변봉급 (EDGE-018) | F21: 급여 이상 검토 | G21: 잦은 변경 이력 이상 항목으로 감지
A22: 21 | B22: 비정기 조정 대기 | C22: HR_ADMIN | D22: EDGE-019 시드 | E22: 승대기 (EDGE-019) | F22: 비정기 조정 목록 | G22: 승인 대기 건 표시
A23: 22 | B23: 재수정 요청 직원 | C23: HR_ADMIN | D23: EDGE-020 시드 | E23: 재수정 (EDGE-020) | F23: 결재함 | G23: 재수정 요청 흐름 처리
A24: 23 | B24: 연차 잔액 0일 | C24: HR_ADMIN | D24: EDGE-021 시드 | E24: 공소진 (EDGE-021) | F24: 휴가 관리 + 추가 신청 시도 | G24: 잔액 0일 + 차단 또는 마이너스 경고
A25: 24 | B25: 연차 마이너스 잔액 | C25: HR_ADMIN | D25: EDGE-022 시드 | E25: 마이너 (EDGE-022) | F25: 휴가 관리 | G25: 마이너스 잔액 표시 + 급여 공제 연동 확인
A26: 25 | B26: 빈번한 지각 | C26: HR_ADMIN | D26: EDGE-023 시드 | E26: 지각왕 (EDGE-023) | F26: 근태 관리 이력 | G26: 빈번한 지각 패턴 이상 항목으로 감지
... A33: 32 | B33: 동시 세션 | C33: EMPLOYEE | D33: 로그인 완료 | E33: 2개 브라우저 동시 로그인 | F33: 두 브라우저에서 동일 계정 동시 작업 | G33: 두 세션 정상 동작 또는 보안 정책에 따라 이전 세션 만료

Sheet 집계
A1: CTR HR Hub UAT v2 테스트 집계
A3: 시나리오·체크리스트 모듈별 집계
A4: 모듈 | B4: 총 항목수 | C4: Pass | D4: Fail | E4: Block | F4: N/A | G4: 미입력 | H4: 통과율(%)
A5: 인사관리 | B5: 30 | C5: =COUNTIF('인사관리'!I2:I31,"Pass") | D5: =COUNTIF('인사관리'!I2:I31,"Fail") | E5: =COUNTIF('인사관리'!I2:I31,"Block") | F5: =COUNTIF('인사관리'!I2:I31,"N/A") | G5: =B5-C5-D5-E5-F5 | H5: =IFERROR(C5/B5*100,0)
A6: 출퇴근 | B6: 22 | C6: =COUNTIF('출퇴근'!I2:I23,"Pass") | D6: =COUNTIF('출퇴근'!I2:I23,"Fail") | E6: =COUNTIF('출퇴근'!I2:I23,"Block") | F6: =COUNTIF('출퇴근'!I2:I23,"N/A") | G6: =B6-C6-D6-E6-F6 | H6: =IFERROR(C6/B6*100,0)
A7: 휴가관리 | B7: 18 | C7: =COUNTIF('휴가관리'!I2:I19,"Pass") | D7: =COUNTIF('휴가관리'!I2:I19,"Fail") | E7: =COUNTIF('휴가관리'!I2:I19,"Block") | F7: =COUNTIF('휴가관리'!I2:I19,"N/A") | G7: =B7-C7-D7-E7-F7 | H7: =IFERROR(C7/B7*100,0)
A8: 휴직 | B8: 12 | C8: =COUNTIF('휴직'!I2:I13,"Pass") | D8: =COUNTIF('휴직'!I2:I13,"Fail") | E8: =COUNTIF('휴직'!I2:I13,"Block") | F8: =COUNTIF('휴직'!I2:I13,"N/A") | G8: =B8-C8-D8-E8-F8 | H8: =IFERROR(C8/B8*100,0)
A9: 급여 | B9: 22 | C9: =COUNTIF('급여'!I2:I23,"Pass") | D9: =COUNTIF('급여'!I2:I23,"Fail") | E9: =COUNTIF('급여'!I2:I23,"Block") | F9: =COUNTIF('급여'!I2:I23,"N/A") | G9: =B9-C9-D9-E9-F9 | H9: =IFERROR(C9/B9*100,0)
A10: 결재·승인 | B10: 22 | C10: =COUNTIF('결재·승인'!I2:I23,"Pass") | D10: =COUNTIF('결재·승인'!I2:I23,"Fail") | E10: =COUNTIF('결재·승인'!I2:I23,"Block") | F10: =COUNTIF('결재·승인'!I2:I23,"N/A") | G10: =B10-C10-D10-E10-F10 | H10: =IFERROR(C10/B10*100,0)
A11: 마스터데이터·설정 | B11: 37 | C11: =COUNTIF('마스터데이터·설정'!I2:I38,"Pass") | D11: =COUNTIF('마스터데이터·설정'!I2:I38,"Fail") | E11: =COUNTIF('마스터데이터·설정'!I2:I38,"Block") | F11: =COUNTIF('마스터데이터·설정'!I2:I38,"N/A") | G11: =B11-C11-D11-E11-F11 | H11: =IFERROR(C11/B11*100,0)
A12: 성과 | B12: 20 | C12: =COUNTIF('성과'!I2:I21,"Pass") | D12: =COUNTIF('성과'!I2:I21,"Fail") | E12: =COUNTIF('성과'!I2:I21,"Block") | F12: =COUNTIF('성과'!I2:I21,"N/A") | G12: =B12-C12-D12-E12-F12 | H12: =IFERROR(C12/B12*100,0)
A13: 채용 | B13: 25 | C13: =COUNTIF('채용'!E2:E26,"Y") | D13: =COUNTIF('채용'!E2:E26,"N") | E13: 0 | F13: =COUNTIF('채용'!E2:E26,"NA") | G13: =B13-C13-D13-E13-F13 | H13: =IFERROR(C13/B13*100,0)
A14: 보상 | B14: 15 | C14: =COUNTIF('보상'!I2:I16,"Pass") | D14: =COUNTIF('보상'!I2:I16,"Fail") | E14: =COUNTIF('보상'!I2:I16,"Block") | F14: =COUNTIF('보상'!I2:I16,"N/A") | G14: =B14-C14-D14-E14-F14 | H14: =IFERROR(C14/B14*100,0)
A15: 인사이트·분석 | B15: 18 | C15: =COUNTIF('인사이트·분석'!E2:E19,"Y") | D15: =COUNTIF('인사이트·분석'!E2:E19,"N") | E15: 0 | F15: =COUNTIF('인사이트·분석'!E2:E19,"NA") | G15: =B15-C15-D15-E15-F15 | H15: =IFERROR(C15/B15*100,0)
A16: 온보딩·오프보딩 | B16: 15 | C16: =COUNTIF('온보딩·오프보딩'!I2:I16,"Pass") | D16: =COUNTIF('온보딩·오프보딩'!I2:I16,"Fail") | E16: =COUNTIF('온보딩·오프보딩'!I2:I16,"Block") | F16: =COUNTIF('온보딩·오프보딩'!I2:I16,"N/A") | G16: =B16-C16-D16-E16-F16 | H16: =IFERROR(C16/B16*100,0)
A17: 규정준수 | B17: 10 | C17: =COUNTIF('규정준수'!E2:E11,"Y") | D17: =COUNTIF('규정준수'!E2:E11,"N") | E17: 0 | F17: =COUNTIF('규정준수'!E2:E11,"NA") | G17: =B17-C17-D17-E17-F17 | H17: =IFERROR(C17/B17*100,0)
A18: My Space | B18: 20 | C18: =COUNTIF('My Space'!E2:E21,"Y") | D18: =COUNTIF('My Space'!E2:E21,"N") | E18: 0 | F18: =COUNTIF('My Space'!E2:E21,"NA") | G18: =B18-C18-D18-E18-F18 | H18: =IFERROR(C18/B18*100,0)
A19: V2 홈 | B19: 9 | C19: =COUNTIF('V2 홈'!I2:I10,"Pass") | D19: =COUNTIF('V2 홈'!I2:I10,"Fail") | E19: =COUNTIF('V2 홈'!I2:I10,"Block") | F19: =COUNTIF('V2 홈'!I2:I10,"N/A") | G19: =B19-C19-D19-E19-F19 | H19: =IFERROR(C19/B19*100,0)
A20: 알림 | B20: 11 | C20: =COUNTIF('알림'!E2:E12,"Y") | D20: =COUNTIF('알림'!E2:E12,"N") | E20: 0 | F20: =COUNTIF('알림'!E2:E12,"NA") | G20: =B20-C20-D20-E20-F20 | H20: =IFERROR(C20/B20*100,0)
A21: 엣지케이스 | B21: 32 | C21: =COUNTIF('엣지케이스'!I2:I33,"Pass") | D21: =COUNTIF('엣지케이스'!I2:I33,"Fail") | E21: =COUNTIF('엣지케이스'!I2:I33,"Block") | F21: =COUNTIF('엣지케이스'!I2:I33,"N/A") | G21: =B21-C21-D21-E21-F21 | H21: =IFERROR(C21/B21*100,0)
A22: 합계 | B22: =SUM(B5:B21) | C22: =SUM(C5:C21) | D22: =SUM(D5:D21) | E22: =SUM(E5:E21) | F22: =SUM(F5:F21) | G22: =SUM(G5:G21) | H22: =IFERROR(C22/B22*100,0)
