Workbook

Sheet 리포트 작성법
A1: CTR HR Hub UAT 피드백 리포트 작성 가이드
A3: 심각도 기준
A4: 심각도 | B4: 정의 | C4: 예시
A5: Critical | B5: 시스템 사용 불가, 데이터 손실/유출 | C5: 로그인 불가, 급여 오계산, 타 법인 데이터 노출
A6: Major | B6: 핵심 업무 수행 방해 | C6: 휴가 신청 실패, 결재 안됨, 직원 등록 오류
A7: Minor | B7: 불편하지만 우회 가능 | C7: UI 깨짐, 번역 누락, 느린 로딩
A8: 개선 | B8: 기능 개선 제안 | C8: UX 개선, 필터 추가, 라벨 변경
A10: 작성 예시
A11: 필드 | B11: 예시 값
A12: 모듈 | B12: 휴가관리
A13: 시나리오# | B13: L-003
A14: 설명 | B14: 반차 신청 시 잔여일수가 1일 차감됨 (0.5일이어야 함)
A15: 기대결과 | B15: 반차 신청 후 잔여일수 14.5일
A16: 실제결과 | B16: 잔여일수 14일로 표시
A17: 심각도 | B17: Major
A18: 스크린샷 | B18: (캡처 이미지 첨부)
A19: 테스터 | B19: 한지영
A20: 날짜 | B20: 2026-04-21
A22: 리포트 규칙
A23: 1. 스크린샷은 필수 (Print Screen → Excel에 붙여넣기)
A24: 2. URL은 브라우저 주소창에서 복사
A25: 3. 재현 스텝은 최대한 구체적으로
A26: 4. 이미 보고된 건은 중복 기입하지 않고, 기존 이슈ID 참조
A27: 5. Critical 발견 시 즉시 UAT 관리자에게 구두 보고

Sheet 피드백 로그
A1: 이슈ID | B1: 모듈 | C1: 시나리오/항목# | D1: 설명 | E1: 기대결과 | F1: 실제결과 | G1: 심각도 | H1: 스크린샷 | I1: 테스터 | J1: 발견일 | K1: 상태 | L1: 재테스트 상태 | M1: 결함 경과일 | N1: 담당자 | O1: 수용/보류 | P1: Go-live 차단 | Q1: 해결일 | R1: 비고
A2: FB-001 | M2: =IF(J2="","",TODAY()-J2)
A3: FB-002 | M3: =IF(J3="","",TODAY()-J3)
A4: FB-003 | M4: =IF(J4="","",TODAY()-J4)
A5: FB-004 | M5: =IF(J5="","",TODAY()-J5)
A6: FB-005 | M6: =IF(J6="","",TODAY()-J6)
A7: FB-006 | M7: =IF(J7="","",TODAY()-J7)
A8: FB-007 | M8: =IF(J8="","",TODAY()-J8)
A9: FB-008 | M9: =IF(J9="","",TODAY()-J9)
A10: FB-009 | M10: =IF(J10="","",TODAY()-J10)
A11: FB-010 | M11: =IF(J11="","",TODAY()-J11)
A12: FB-011 | M12: =IF(J12="","",TODAY()-J12)
A13: FB-012 | M13: =IF(J13="","",TODAY()-J13)
... A101: FB-100 | M101: =IF(J101="","",TODAY()-J101)

Sheet 일별 트리아지
A1: 날짜 | B1: 신규 | C1: 미해결 누적 | D1: 수정완료 | E1: 재테스트 | F1: 보류 | G1: Critical 미해결 | H1: Major 미해결 | I1: 비고
A2: Day 1 (04/21) | B2: =COUNTIF('피드백 로그'!J:J,DATE(2026,4,21)) | C2: =COUNTIFS('피드백 로그'!J:J,"<="&DATE(2026,4,21),'피드백 로그'!K:K,"<>종료",'피드백 로그'!J:J,"<>"&"") | D2: =COUNTIFS('피드백 로그'!Q:Q,"<="&DATE(2026,4,21),'피드백 로그'!K:K,"수정완료")+COUNTIFS('피드백 로그'!Q:Q,"<="&DATE(2026,4,21),'피드백 로그'!K:K,"종료") | E2: =COUNTIFS('피드백 로그'!K:K,"재테스트",'피드백 로그'!J:J,"<="&DATE(2026,4,21)) | F2: =COUNTIFS('피드백 로그'!K:K,"보류",'피드백 로그'!J:J,"<="&DATE(2026,4,21)) | G2: =COUNTIFS('피드백 로그'!G:G,"Critical",'피드백 로그'!K:K,"<>종료",'피드백 로그'!J:J,"<="&DATE(2026,4,21),'피드백 로그'!J:J,"<>"&"") | H2: =COUNTIFS('피드백 로그'!G:G,"Major",'피드백 로그'!K:K,"<>종료",'피드백 로그'!J:J,"<="&DATE(2026,4,21),'피드백 로그'!J:J,"<>"&"")
A3: Day 2 (04/22) | B3: =COUNTIF('피드백 로그'!J:J,DATE(2026,4,22)) | C3: =COUNTIFS('피드백 로그'!J:J,"<="&DATE(2026,4,22),'피드백 로그'!K:K,"<>종료",'피드백 로그'!J:J,"<>"&"") | D3: =COUNTIFS('피드백 로그'!Q:Q,"<="&DATE(2026,4,22),'피드백 로그'!K:K,"수정완료")+COUNTIFS('피드백 로그'!Q:Q,"<="&DATE(2026,4,22),'피드백 로그'!K:K,"종료") | E3: =COUNTIFS('피드백 로그'!K:K,"재테스트",'피드백 로그'!J:J,"<="&DATE(2026,4,22)) | F3: =COUNTIFS('피드백 로그'!K:K,"보류",'피드백 로그'!J:J,"<="&DATE(2026,4,22)) | G3: =COUNTIFS('피드백 로그'!G:G,"Critical",'피드백 로그'!K:K,"<>종료",'피드백 로그'!J:J,"<="&DATE(2026,4,22),'피드백 로그'!J:J,"<>"&"") | H3: =COUNTIFS('피드백 로그'!G:G,"Major",'피드백 로그'!K:K,"<>종료",'피드백 로그'!J:J,"<="&DATE(2026,4,22),'피드백 로그'!J:J,"<>"&"")
A4: Day 3 (04/23) | B4: =COUNTIF('피드백 로그'!J:J,DATE(2026,4,23)) | C4: =COUNTIFS('피드백 로그'!J:J,"<="&DATE(2026,4,23),'피드백 로그'!K:K,"<>종료",'피드백 로그'!J:J,"<>"&"") | D4: =COUNTIFS('피드백 로그'!Q:Q,"<="&DATE(2026,4,23),'피드백 로그'!K:K,"수정완료")+COUNTIFS('피드백 로그'!Q:Q,"<="&DATE(2026,4,23),'피드백 로그'!K:K,"종료") | E4: =COUNTIFS('피드백 로그'!K:K,"재테스트",'피드백 로그'!J:J,"<="&DATE(2026,4,23)) | F4: =COUNTIFS('피드백 로그'!K:K,"보류",'피드백 로그'!J:J,"<="&DATE(2026,4,23)) | G4: =COUNTIFS('피드백 로그'!G:G,"Critical",'피드백 로그'!K:K,"<>종료",'피드백 로그'!J:J,"<="&DATE(2026,4,23),'피드백 로그'!J:J,"<>"&"") | H4: =COUNTIFS('피드백 로그'!G:G,"Major",'피드백 로그'!K:K,"<>종료",'피드백 로그'!J:J,"<="&DATE(2026,4,23),'피드백 로그'!J:J,"<>"&"")
A5: Day 4 (04/24) | B5: =COUNTIF('피드백 로그'!J:J,DATE(2026,4,24)) | C5: =COUNTIFS('피드백 로그'!J:J,"<="&DATE(2026,4,24),'피드백 로그'!K:K,"<>종료",'피드백 로그'!J:J,"<>"&"") | D5: =COUNTIFS('피드백 로그'!Q:Q,"<="&DATE(2026,4,24),'피드백 로그'!K:K,"수정완료")+COUNTIFS('피드백 로그'!Q:Q,"<="&DATE(2026,4,24),'피드백 로그'!K:K,"종료") | E5: =COUNTIFS('피드백 로그'!K:K,"재테스트",'피드백 로그'!J:J,"<="&DATE(2026,4,24)) | F5: =COUNTIFS('피드백 로그'!K:K,"보류",'피드백 로그'!J:J,"<="&DATE(2026,4,24)) | G5: =COUNTIFS('피드백 로그'!G:G,"Critical",'피드백 로그'!K:K,"<>종료",'피드백 로그'!J:J,"<="&DATE(2026,4,24),'피드백 로그'!J:J,"<>"&"") | H5: =COUNTIFS('피드백 로그'!G:G,"Major",'피드백 로그'!K:K,"<>종료",'피드백 로그'!J:J,"<="&DATE(2026,4,24),'피드백 로그'!J:J,"<>"&"")
A6: Day 5 (04/25) | B6: =COUNTIF('피드백 로그'!J:J,DATE(2026,4,25)) | C6: =COUNTIFS('피드백 로그'!J:J,"<="&DATE(2026,4,25),'피드백 로그'!K:K,"<>종료",'피드백 로그'!J:J,"<>"&"") | D6: =COUNTIFS('피드백 로그'!Q:Q,"<="&DATE(2026,4,25),'피드백 로그'!K:K,"수정완료")+COUNTIFS('피드백 로그'!Q:Q,"<="&DATE(2026,4,25),'피드백 로그'!K:K,"종료") | E6: =COUNTIFS('피드백 로그'!K:K,"재테스트",'피드백 로그'!J:J,"<="&DATE(2026,4,25)) | F6: =COUNTIFS('피드백 로그'!K:K,"보류",'피드백 로그'!J:J,"<="&DATE(2026,4,25)) | G6: =COUNTIFS('피드백 로그'!G:G,"Critical",'피드백 로그'!K:K,"<>종료",'피드백 로그'!J:J,"<="&DATE(2026,4,25),'피드백 로그'!J:J,"<>"&"") | H6: =COUNTIFS('피드백 로그'!G:G,"Major",'피드백 로그'!K:K,"<>종료",'피드백 로그'!J:J,"<="&DATE(2026,4,25),'피드백 로그'!J:J,"<>"&"")
A7: Day 6 (04/26) | B7: =COUNTIF('피드백 로그'!J:J,DATE(2026,4,26)) | C7: =COUNTIFS('피드백 로그'!J:J,"<="&DATE(2026,4,26),'피드백 로그'!K:K,"<>종료",'피드백 로그'!J:J,"<>"&"") | D7: =COUNTIFS('피드백 로그'!Q:Q,"<="&DATE(2026,4,26),'피드백 로그'!K:K,"수정완료")+COUNTIFS('피드백 로그'!Q:Q,"<="&DATE(2026,4,26),'피드백 로그'!K:K,"종료") | E7: =COUNTIFS('피드백 로그'!K:K,"재테스트",'피드백 로그'!J:J,"<="&DATE(2026,4,26)) | F7: =COUNTIFS('피드백 로그'!K:K,"보류",'피드백 로그'!J:J,"<="&DATE(2026,4,26)) | G7: =COUNTIFS('피드백 로그'!G:G,"Critical",'피드백 로그'!K:K,"<>종료",'피드백 로그'!J:J,"<="&DATE(2026,4,26),'피드백 로그'!J:J,"<>"&"") | H7: =COUNTIFS('피드백 로그'!G:G,"Major",'피드백 로그'!K:K,"<>종료",'피드백 로그'!J:J,"<="&DATE(2026,4,26),'피드백 로그'!J:J,"<>"&"")
A8: Day 7 (04/27) | B8: =COUNTIF('피드백 로그'!J:J,DATE(2026,4,27)) | C8: =COUNTIFS('피드백 로그'!J:J,"<="&DATE(2026,4,27),'피드백 로그'!K:K,"<>종료",'피드백 로그'!J:J,"<>"&"") | D8: =COUNTIFS('피드백 로그'!Q:Q,"<="&DATE(2026,4,27),'피드백 로그'!K:K,"수정완료")+COUNTIFS('피드백 로그'!Q:Q,"<="&DATE(2026,4,27),'피드백 로그'!K:K,"종료") | E8: =COUNTIFS('피드백 로그'!K:K,"재테스트",'피드백 로그'!J:J,"<="&DATE(2026,4,27)) | F8: =COUNTIFS('피드백 로그'!K:K,"보류",'피드백 로그'!J:J,"<="&DATE(2026,4,27)) | G8: =COUNTIFS('피드백 로그'!G:G,"Critical",'피드백 로그'!K:K,"<>종료",'피드백 로그'!J:J,"<="&DATE(2026,4,27),'피드백 로그'!J:J,"<>"&"") | H8: =COUNTIFS('피드백 로그'!G:G,"Major",'피드백 로그'!K:K,"<>종료",'피드백 로그'!J:J,"<="&DATE(2026,4,27),'피드백 로그'!J:J,"<>"&"")
A9: Day 8 (04/28) | B9: =COUNTIF('피드백 로그'!J:J,DATE(2026,4,28)) | C9: =COUNTIFS('피드백 로그'!J:J,"<="&DATE(2026,4,28),'피드백 로그'!K:K,"<>종료",'피드백 로그'!J:J,"<>"&"") | D9: =COUNTIFS('피드백 로그'!Q:Q,"<="&DATE(2026,4,28),'피드백 로그'!K:K,"수정완료")+COUNTIFS('피드백 로그'!Q:Q,"<="&DATE(2026,4,28),'피드백 로그'!K:K,"종료") | E9: =COUNTIFS('피드백 로그'!K:K,"재테스트",'피드백 로그'!J:J,"<="&DATE(2026,4,28)) | F9: =COUNTIFS('피드백 로그'!K:K,"보류",'피드백 로그'!J:J,"<="&DATE(2026,4,28)) | G9: =COUNTIFS('피드백 로그'!G:G,"Critical",'피드백 로그'!K:K,"<>종료",'피드백 로그'!J:J,"<="&DATE(2026,4,28),'피드백 로그'!J:J,"<>"&"") | H9: =COUNTIFS('피드백 로그'!G:G,"Major",'피드백 로그'!K:K,"<>종료",'피드백 로그'!J:J,"<="&DATE(2026,4,28),'피드백 로그'!J:J,"<>"&"")
A10: Day 9 (04/29) | B10: =COUNTIF('피드백 로그'!J:J,DATE(2026,4,29)) | C10: =COUNTIFS('피드백 로그'!J:J,"<="&DATE(2026,4,29),'피드백 로그'!K:K,"<>종료",'피드백 로그'!J:J,"<>"&"") | D10: =COUNTIFS('피드백 로그'!Q:Q,"<="&DATE(2026,4,29),'피드백 로그'!K:K,"수정완료")+COUNTIFS('피드백 로그'!Q:Q,"<="&DATE(2026,4,29),'피드백 로그'!K:K,"종료") | E10: =COUNTIFS('피드백 로그'!K:K,"재테스트",'피드백 로그'!J:J,"<="&DATE(2026,4,29)) | F10: =COUNTIFS('피드백 로그'!K:K,"보류",'피드백 로그'!J:J,"<="&DATE(2026,4,29)) | G10: =COUNTIFS('피드백 로그'!G:G,"Critical",'피드백 로그'!K:K,"<>종료",'피드백 로그'!J:J,"<="&DATE(2026,4,29),'피드백 로그'!J:J,"<>"&"") | H10: =COUNTIFS('피드백 로그'!G:G,"Major",'피드백 로그'!K:K,"<>종료",'피드백 로그'!J:J,"<="&DATE(2026,4,29),'피드백 로그'!J:J,"<>"&"")
A11: Day 10 (04/30) | B11: =COUNTIF('피드백 로그'!J:J,DATE(2026,4,30)) | C11: =COUNTIFS('피드백 로그'!J:J,"<="&DATE(2026,4,30),'피드백 로그'!K:K,"<>종료",'피드백 로그'!J:J,"<>"&"") | D11: =COUNTIFS('피드백 로그'!Q:Q,"<="&DATE(2026,4,30),'피드백 로그'!K:K,"수정완료")+COUNTIFS('피드백 로그'!Q:Q,"<="&DATE(2026,4,30),'피드백 로그'!K:K,"종료") | E11: =COUNTIFS('피드백 로그'!K:K,"재테스트",'피드백 로그'!J:J,"<="&DATE(2026,4,30)) | F11: =COUNTIFS('피드백 로그'!K:K,"보류",'피드백 로그'!J:J,"<="&DATE(2026,4,30)) | G11: =COUNTIFS('피드백 로그'!G:G,"Critical",'피드백 로그'!K:K,"<>종료",'피드백 로그'!J:J,"<="&DATE(2026,4,30),'피드백 로그'!J:J,"<>"&"") | H11: =COUNTIFS('피드백 로그'!G:G,"Major",'피드백 로그'!K:K,"<>종료",'피드백 로그'!J:J,"<="&DATE(2026,4,30),'피드백 로그'!J:J,"<>"&"")

Sheet 모듈별 집계
A1: 모듈 | B1: Critical | C1: Major | D1: Minor | E1: 개선 | F1: 총건수 | G1: 해결률(%)
A2: 인사관리 | B2: =COUNTIFS('피드백 로그'!B:B,A2,'피드백 로그'!G:G,"Critical") | C2: =COUNTIFS('피드백 로그'!B:B,A2,'피드백 로그'!G:G,"Major") | D2: =COUNTIFS('피드백 로그'!B:B,A2,'피드백 로그'!G:G,"Minor") | E2: =COUNTIFS('피드백 로그'!B:B,A2,'피드백 로그'!G:G,"개선") | F2: =SUM(B2:E2) | G2: =IF(F2=0,"-",COUNTIFS('피드백 로그'!B:B,A2,'피드백 로그'!K:K,"종료")/F2)
A3: 출퇴근 | B3: =COUNTIFS('피드백 로그'!B:B,A3,'피드백 로그'!G:G,"Critical") | C3: =COUNTIFS('피드백 로그'!B:B,A3,'피드백 로그'!G:G,"Major") | D3: =COUNTIFS('피드백 로그'!B:B,A3,'피드백 로그'!G:G,"Minor") | E3: =COUNTIFS('피드백 로그'!B:B,A3,'피드백 로그'!G:G,"개선") | F3: =SUM(B3:E3) | G3: =IF(F3=0,"-",COUNTIFS('피드백 로그'!B:B,A3,'피드백 로그'!K:K,"종료")/F3)
A4: 휴가관리 | B4: =COUNTIFS('피드백 로그'!B:B,A4,'피드백 로그'!G:G,"Critical") | C4: =COUNTIFS('피드백 로그'!B:B,A4,'피드백 로그'!G:G,"Major") | D4: =COUNTIFS('피드백 로그'!B:B,A4,'피드백 로그'!G:G,"Minor") | E4: =COUNTIFS('피드백 로그'!B:B,A4,'피드백 로그'!G:G,"개선") | F4: =SUM(B4:E4) | G4: =IF(F4=0,"-",COUNTIFS('피드백 로그'!B:B,A4,'피드백 로그'!K:K,"종료")/F4)
A5: 급여 | B5: =COUNTIFS('피드백 로그'!B:B,A5,'피드백 로그'!G:G,"Critical") | C5: =COUNTIFS('피드백 로그'!B:B,A5,'피드백 로그'!G:G,"Major") | D5: =COUNTIFS('피드백 로그'!B:B,A5,'피드백 로그'!G:G,"Minor") | E5: =COUNTIFS('피드백 로그'!B:B,A5,'피드백 로그'!G:G,"개선") | F5: =SUM(B5:E5) | G5: =IF(F5=0,"-",COUNTIFS('피드백 로그'!B:B,A5,'피드백 로그'!K:K,"종료")/F5)
A6: 결재/승인 | B6: =COUNTIFS('피드백 로그'!B:B,A6,'피드백 로그'!G:G,"Critical") | C6: =COUNTIFS('피드백 로그'!B:B,A6,'피드백 로그'!G:G,"Major") | D6: =COUNTIFS('피드백 로그'!B:B,A6,'피드백 로그'!G:G,"Minor") | E6: =COUNTIFS('피드백 로그'!B:B,A6,'피드백 로그'!G:G,"개선") | F6: =SUM(B6:E6) | G6: =IF(F6=0,"-",COUNTIFS('피드백 로그'!B:B,A6,'피드백 로그'!K:K,"종료")/F6)
A7: 마스터데이터 설정 | B7: =COUNTIFS('피드백 로그'!B:B,A7,'피드백 로그'!G:G,"Critical") | C7: =COUNTIFS('피드백 로그'!B:B,A7,'피드백 로그'!G:G,"Major") | D7: =COUNTIFS('피드백 로그'!B:B,A7,'피드백 로그'!G:G,"Minor") | E7: =COUNTIFS('피드백 로그'!B:B,A7,'피드백 로그'!G:G,"개선") | F7: =SUM(B7:E7) | G7: =IF(F7=0,"-",COUNTIFS('피드백 로그'!B:B,A7,'피드백 로그'!K:K,"종료")/F7)
A8: 성과관리 | B8: =COUNTIFS('피드백 로그'!B:B,A8,'피드백 로그'!G:G,"Critical") | C8: =COUNTIFS('피드백 로그'!B:B,A8,'피드백 로그'!G:G,"Major") | D8: =COUNTIFS('피드백 로그'!B:B,A8,'피드백 로그'!G:G,"Minor") | E8: =COUNTIFS('피드백 로그'!B:B,A8,'피드백 로그'!G:G,"개선") | F8: =SUM(B8:E8) | G8: =IF(F8=0,"-",COUNTIFS('피드백 로그'!B:B,A8,'피드백 로그'!K:K,"종료")/F8)
A9: 채용 | B9: =COUNTIFS('피드백 로그'!B:B,A9,'피드백 로그'!G:G,"Critical") | C9: =COUNTIFS('피드백 로그'!B:B,A9,'피드백 로그'!G:G,"Major") | D9: =COUNTIFS('피드백 로그'!B:B,A9,'피드백 로그'!G:G,"Minor") | E9: =COUNTIFS('피드백 로그'!B:B,A9,'피드백 로그'!G:G,"개선") | F9: =SUM(B9:E9) | G9: =IF(F9=0,"-",COUNTIFS('피드백 로그'!B:B,A9,'피드백 로그'!K:K,"종료")/F9)
A10: 보상 | B10: =COUNTIFS('피드백 로그'!B:B,A10,'피드백 로그'!G:G,"Critical") | C10: =COUNTIFS('피드백 로그'!B:B,A10,'피드백 로그'!G:G,"Major") | D10: =COUNTIFS('피드백 로그'!B:B,A10,'피드백 로그'!G:G,"Minor") | E10: =COUNTIFS('피드백 로그'!B:B,A10,'피드백 로그'!G:G,"개선") | F10: =SUM(B10:E10) | G10: =IF(F10=0,"-",COUNTIFS('피드백 로그'!B:B,A10,'피드백 로그'!K:K,"종료")/F10)
A11: 분석 | B11: =COUNTIFS('피드백 로그'!B:B,A11,'피드백 로그'!G:G,"Critical") | C11: =COUNTIFS('피드백 로그'!B:B,A11,'피드백 로그'!G:G,"Major") | D11: =COUNTIFS('피드백 로그'!B:B,A11,'피드백 로그'!G:G,"Minor") | E11: =COUNTIFS('피드백 로그'!B:B,A11,'피드백 로그'!G:G,"개선") | F11: =SUM(B11:E11) | G11: =IF(F11=0,"-",COUNTIFS('피드백 로그'!B:B,A11,'피드백 로그'!K:K,"종료")/F11)
A12: 온보딩/오프보딩 | B12: =COUNTIFS('피드백 로그'!B:B,A12,'피드백 로그'!G:G,"Critical") | C12: =COUNTIFS('피드백 로그'!B:B,A12,'피드백 로그'!G:G,"Major") | D12: =COUNTIFS('피드백 로그'!B:B,A12,'피드백 로그'!G:G,"Minor") | E12: =COUNTIFS('피드백 로그'!B:B,A12,'피드백 로그'!G:G,"개선") | F12: =SUM(B12:E12) | G12: =IF(F12=0,"-",COUNTIFS('피드백 로그'!B:B,A12,'피드백 로그'!K:K,"종료")/F12)
A13: 규정준수 | B13: =COUNTIFS('피드백 로그'!B:B,A13,'피드백 로그'!G:G,"Critical") | C13: =COUNTIFS('피드백 로그'!B:B,A13,'피드백 로그'!G:G,"Major") | D13: =COUNTIFS('피드백 로그'!B:B,A13,'피드백 로그'!G:G,"Minor") | E13: =COUNTIFS('피드백 로그'!B:B,A13,'피드백 로그'!G:G,"개선") | F13: =SUM(B13:E13) | G13: =IF(F13=0,"-",COUNTIFS('피드백 로그'!B:B,A13,'피드백 로그'!K:K,"종료")/F13)
... A15: 기타 | B15: =COUNTIFS('피드백 로그'!B:B,A15,'피드백 로그'!G:G,"Critical") | C15: =COUNTIFS('피드백 로그'!B:B,A15,'피드백 로그'!G:G,"Major") | D15: =COUNTIFS('피드백 로그'!B:B,A15,'피드백 로그'!G:G,"Minor") | E15: =COUNTIFS('피드백 로그'!B:B,A15,'피드백 로그'!G:G,"개선") | F15: =SUM(B15:E15) | G15: =IF(F15=0,"-",COUNTIFS('피드백 로그'!B:B,A15,'피드백 로그'!K:K,"종료")/F15)
A16: 합계 | B16: =SUM(B2:B15) | C16: =SUM(C2:C15) | D16: =SUM(D2:D15) | E16: =SUM(E2:E15) | F16: =SUM(F2:F15) | G16: =IF(F16=0,"-",COUNTIFS('피드백 로그'!K:K,"종료")/F16)

Sheet 심각도별 집계
A1: 심각도 | B1: 신규 | C1: 확인중 | D1: 수정중 | E1: 수정완료 | F1: 재테스트 | G1: 종료 | H1: 보류 | I1: 총건수
A2: Critical | B2: =COUNTIFS('피드백 로그'!G:G,A2,'피드백 로그'!K:K,"신규") | C2: =COUNTIFS('피드백 로그'!G:G,A2,'피드백 로그'!K:K,"확인중") | D2: =COUNTIFS('피드백 로그'!G:G,A2,'피드백 로그'!K:K,"수정중") | E2: =COUNTIFS('피드백 로그'!G:G,A2,'피드백 로그'!K:K,"수정완료") | F2: =COUNTIFS('피드백 로그'!G:G,A2,'피드백 로그'!K:K,"재테스트") | G2: =COUNTIFS('피드백 로그'!G:G,A2,'피드백 로그'!K:K,"종료") | H2: =COUNTIFS('피드백 로그'!G:G,A2,'피드백 로그'!K:K,"보류") | I2: =SUM(B2:H2)
A3: Major | B3: =COUNTIFS('피드백 로그'!G:G,A3,'피드백 로그'!K:K,"신규") | C3: =COUNTIFS('피드백 로그'!G:G,A3,'피드백 로그'!K:K,"확인중") | D3: =COUNTIFS('피드백 로그'!G:G,A3,'피드백 로그'!K:K,"수정중") | E3: =COUNTIFS('피드백 로그'!G:G,A3,'피드백 로그'!K:K,"수정완료") | F3: =COUNTIFS('피드백 로그'!G:G,A3,'피드백 로그'!K:K,"재테스트") | G3: =COUNTIFS('피드백 로그'!G:G,A3,'피드백 로그'!K:K,"종료") | H3: =COUNTIFS('피드백 로그'!G:G,A3,'피드백 로그'!K:K,"보류") | I3: =SUM(B3:H3)
A4: Minor | B4: =COUNTIFS('피드백 로그'!G:G,A4,'피드백 로그'!K:K,"신규") | C4: =COUNTIFS('피드백 로그'!G:G,A4,'피드백 로그'!K:K,"확인중") | D4: =COUNTIFS('피드백 로그'!G:G,A4,'피드백 로그'!K:K,"수정중") | E4: =COUNTIFS('피드백 로그'!G:G,A4,'피드백 로그'!K:K,"수정완료") | F4: =COUNTIFS('피드백 로그'!G:G,A4,'피드백 로그'!K:K,"재테스트") | G4: =COUNTIFS('피드백 로그'!G:G,A4,'피드백 로그'!K:K,"종료") | H4: =COUNTIFS('피드백 로그'!G:G,A4,'피드백 로그'!K:K,"보류") | I4: =SUM(B4:H4)
A5: 개선 | B5: =COUNTIFS('피드백 로그'!G:G,A5,'피드백 로그'!K:K,"신규") | C5: =COUNTIFS('피드백 로그'!G:G,A5,'피드백 로그'!K:K,"확인중") | D5: =COUNTIFS('피드백 로그'!G:G,A5,'피드백 로그'!K:K,"수정중") | E5: =COUNTIFS('피드백 로그'!G:G,A5,'피드백 로그'!K:K,"수정완료") | F5: =COUNTIFS('피드백 로그'!G:G,A5,'피드백 로그'!K:K,"재테스트") | G5: =COUNTIFS('피드백 로그'!G:G,A5,'피드백 로그'!K:K,"종료") | H5: =COUNTIFS('피드백 로그'!G:G,A5,'피드백 로그'!K:K,"보류") | I5: =SUM(B5:H5)
A6: 합계 | B6: =SUM(B2:B5) | C6: =SUM(C2:C5) | D6: =SUM(D2:D5) | E6: =SUM(E2:E5) | F6: =SUM(F2:F5) | G6: =SUM(G2:G5) | H6: =SUM(H2:H5) | I6: =SUM(I2:I5)

Sheet UAT 판정
A1: CTR HR Hub UAT 최종 판정
A3: 통과 기준 체크리스트
A4: # | B4: 기준 | C4: 목표 | D4: 실제 | E4: 충족여부
A5: 1 | B5: Critical 미해결 건수 | C5: 0건 | D5: =COUNTIFS('피드백 로그'!G:G,"Critical",'피드백 로그'!K:K,"<>종료")&"건" | E5: =IF(COUNTIFS('피드백 로그'!G:G,"Critical",'피드백 로그'!K:K,"<>종료")=0,"충족","미충족")
A6: 2 | B6: Major 미해결 (핵심 모듈) | C6: 0건 | D6: =COUNTIFS('피드백 로그'!G:G,"Major",'피드백 로그'!K:K,"<>종료",'피드백 로그'!P:P,"Y")&"건" | E6: =IF(COUNTIFS('피드백 로그'!G:G,"Major",'피드백 로그'!K:K,"<>종료",'피드백 로그'!P:P,"Y")=0,"충족","미충족")
A7: 3 | B7: Major 해결률 (전체) | C7: >=80% | D7: =IF(COUNTIFS('피드백 로그'!G:G,"Major")=0,"N/A",TEXT(COUNTIFS('피드백 로그'!G:G,"Major",'피드백 로그'!K:K,"종료")/COUNTIFS('피드백 로그'!G:G,"Major"),"0.0%")) | E7: =IF(COUNTIFS('피드백 로그'!G:G,"Major")=0,"충족",IF(COUNTIFS('피드백 로그'!G:G,"Major",'피드백 로그'!K:K,"종료")/COUNTIFS('피드백 로그'!G:G,"Major")>=0.8,"충족","미충족"))
A8: 4 | B8: 핵심 시나리오 통과율 | C8: >=95% | D8: (수동 입력)
A9: 5 | B9: 체크리스트 스모크 통과율 | C9: >=90% | D9: (수동 입력)
A10: 6 | B10: 보안/데이터 이슈 미해결 | C10: 0건 | D10: =COUNTIFS('피드백 로그'!K:K,"<>종료",'피드백 로그'!P:P,"Y",'피드백 로그'!G:G,"Critical")&"건" | E10: =IF(COUNTIFS('피드백 로그'!K:K,"<>종료",'피드백 로그'!P:P,"Y",'피드백 로그'!G:G,"Critical")=0,"충족","미충족")
A13: 최종 판정
A14: 판정 | B14: 선택
A15: 전체 GO — 운영 배포 진행 | B15: [ ]
A16: 조건부 GO — 조건 해결 후 배포 | B16: [ ]
A17: NO-GO — 재테스트 필요 | B17: [ ]
A19: 조건부 GO 시 조건
A25: 사인오프
A26: 역할 | B26: 이름 | C26: 서명 | D26: 날짜
A27: UAT 관리자
A28: HR 담당자 1
A29: HR 담당자 2
